festival,category,festival_weekly,baseline_weekly,uplift,n_weeks,z,significant
Onam,Analgesic/Antipyretic,57.25,49.0625,0.1668789808917197,4,1.3882644951615846,False
Onam,Antibiotic,209.0,216.5625,-0.03492063492063491,4,-0.5153601174688334,False
Onam,Antidiabetic,171.25,101.375,0.6892725030826141,4,3.1839440780045267,True
Onam,Antiepileptic,76.0,79.9375,-0.04925723221266609,4,-0.2828547804425197,False
Onam,Antifungal,29.75,27.375,0.08675799086757996,4,0.3501905063043256,False
Onam,Antihistamine/Allergy,87.75,93.5,-0.06149732620320858,4,-0.568684752363659,False
Onam,Antimalarial,45.75,51.3125,-0.10840438489646775,4,-0.812031176909458,False
Onam,Antineoplastic (Oncology),11.25,10.25,0.09756097560975618,4,0.5664411840370208,False
Onam,Antiretroviral (ART Program),32.0,17.6875,0.8091872791519434,4,2.1290767912056214,True
Onam,Antiseptic/Disinfectant,54.0,68.625,-0.21311475409836067,4,-1.5593625242918003,False
Onam,Antiviral,11.5,10.75,0.06976744186046502,4,0.21910850017888422,False
Onam,Cardiac/Antihypertensive,844.25,889.3125,-0.0506711645231569,4,-0.6944654573109976,False
Onam,Dermatological,13.5,15.625,-0.136,4,-0.4097476127072462,False
Onam,Endocrine/Metabolic,119.0,129.0,-0.07751937984496127,4,-0.4911766724126015,False
Onam,Gastrointestinal,175.25,193.5625,-0.09460768485631255,4,-1.2100387503135188,False
Onam,General/Other,652.0,545.0625,0.1961930971218897,4,2.7210627698738814,True
Onam,Hormone/Endocrine,252.25,197.625,0.2764073371283997,4,1.866830531212658,False
Onam,Immunosuppressant,14.75,14.1875,0.0396475770925111,4,0.059667145981023254,False
Onam,NSAID,100.0,96.5625,0.03559870550161803,4,0.26709773270311843,False
Onam,Neuro/Psychiatric,332.75,331.9375,0.002447749952927847,4,0.021956126799603626,False
Onam,Respiratory,55.0,58.0,-0.051724137931034475,4,-0.28060676663315687,False
Onam,Vitamin/Supplement,195.5,210.125,-0.06960142772159428,4,-0.9970400042704457,False
Vishu,Analgesic/Antipyretic,46.0,45.36363636363637,0.014028056112224352,1,0.034610826075040145,False
Vishu,Antibiotic,148.0,135.45454545454547,0.09261744966442942,1,0.6986182168866795,False
Vishu,Antidiabetic,115.0,114.9090909090909,0.0007911392405064444,1,0.0014414966454672257,False
Vishu,Antiepileptic,25.0,87.0,-0.7126436781609196,1,-1.5760221936975187,False
Vishu,Antifungal,19.0,15.272727272727273,0.24404761904761907,1,0.45394439027657085,False
Vishu,Antihistamine/Allergy,87.0,50.54545454545455,0.7212230215827338,1,2.5092020091547944,True
Vishu,Antimalarial,14.0,32.0,-0.5625,1,-1.7910669423779806,False
Vishu,Antiretroviral (ART Program),25.0,24.272727272727273,0.029962546816479474,1,0.029513785615594403,False
Vishu,Antiseptic/Disinfectant,9.0,40.81818181818182,-0.779510022271715,1,-4.208384721746238,False
Vishu,Antiviral,13.0,12.909090909090908,0.007042253521126751,1,0.014181900694935115,False
Vishu,Cardiac/Antihypertensive,922.0,900.7272727272727,0.023617278966491684,1,0.1415829776073443,False
Vishu,Endocrine/Metabolic,74.0,117.27272727272727,-0.36899224806201547,1,-1.261955909910148,False
Vishu,Gastrointestinal,210.0,197.9090909090909,0.06109324758842449,1,0.6308903233853783,False
Vishu,General/Other,627.0,489.45454545454544,0.2810178306092126,1,2.4266827311275976,True
Vishu,Hormone/Endocrine,264.0,177.27272727272728,0.48923076923076914,1,1.3664332326337947,False
Vishu,Immunosuppressant,0.0,19.727272727272727,-1.0,1,-1.4945839363089697,False
Vishu,NSAID,99.0,81.36363636363636,0.21675977653631295,1,1.008113957839831,False
Vishu,Neuro/Psychiatric,304.0,279.45454545454544,0.08783344176968133,1,0.21363207911601545,False
Vishu,Respiratory,32.0,37.36363636363637,-0.14355231143552316,1,-0.5131443710047697,False
Vishu,Vitamin/Supplement,202.0,219.36363636363637,-0.07915457936179038,1,-0.6763632499195809,False
Christmas/New Year,Analgesic/Antipyretic,59.5,46.7,0.27408993576017116,2,1.1145427166937074,False
Christmas/New Year,Antibiotic,174.0,158.6,0.0970996216897857,2,0.8646168760745003,False
Christmas/New Year,Antidiabetic,96.0,112.5,-0.1466666666666666,2,-0.2886640901133323,False
Christmas/New Year,Antiepileptic,65.0,87.7,-0.2588369441277081,2,-1.3735730319970518,False
Christmas/New Year,Antifungal,25.5,20.9,0.22009569377990434,2,0.8139503793464734,False
Christmas/New Year,Antihistamine/Allergy,52.0,64.8,-0.19753086419753085,2,-0.8984330567835027,False
Christmas/New Year,Antimalarial,31.5,38.3,-0.1775456919060051,2,-0.9320511468589749,False
Christmas/New Year,Antineoplastic (Oncology),6.0,11.1,-0.45945945945945943,2,-1.9517783091174612,False
Christmas/New Year,Antiretroviral (ART Program),7.0,18.4,-0.6195652173913043,2,-1.1978267858218017,False
Christmas/New Year,Antiseptic/Disinfectant,47.0,41.1,0.14355231143552305,2,0.5119264371637912,False
Christmas/New Year,Antiviral,12.5,11.5,0.08695652173913038,2,0.2377286555250982,False
Christmas/New Year,Cardiac/Antihypertensive,852.0,861.5,-0.011027278003482244,2,-0.14135393661157988,False
Christmas/New Year,Dermatological,10.0,13.6,-0.2647058823529411,2,-0.5706383624534171,False
Christmas/New Year,Endocrine/Metabolic,69.0,118.3,-0.4167371090448013,2,-1.3952178290985795,False
Christmas/New Year,Gastrointestinal,136.5,139.4,-0.020803443328550997,2,-0.22276956372190954,False
Christmas/New Year,General/Other,620.5,560.8,0.10645506419400874,2,0.9892189699739179,False
Christmas/New Year,Hormone/Endocrine,236.0,195.9,0.20469627360898413,2,0.939028815235154,False
Christmas/New Year,Immunosuppressant,0.0,13.8,-1.0,2,-1.2489383915685137,False
Christmas/New Year,NSAID,107.0,92.0,0.16304347826086962,2,1.3281330062271495,False
Christmas/New Year,Neuro/Psychiatric,307.5,320.3,-0.03996253512332193,2,-0.17092845097046824,False
Christmas/New Year,Respiratory,29.5,45.5,-0.3516483516483516,2,-1.5346746134538283,False
Christmas/New Year,Vitamin/Supplement,143.5,148.2,-0.03171390013495268,2,-0.19787062111685405,False
