medicine_id,medicine_name,generic_name,category,form,reference_unit_price,rx_share,median_price,total_units,total_revenue,total_tx,avg_weekly,base_level,idx_Winter,idx_Summer,idx_Monsoon,idx_Post-Monsoon
MED00001,5-aminosalicylic acid 20mg,5-aminosalicylic acid,Gastrointestinal,Sachet,38.71,0.4574468085106383,39.894999999999996,609,24360.51,186,10.875,12.015869513793529,0.8654480646355674,1.1308951449255216,1.1414230289539562,0.9200996651301522
MED00002,5-Fluorouracil 10mg,5-Fluorouracil,Antineoplastic (Oncology),Injection,4293.0,1.0,4447.64,2,8895.28,2,0.03571428571428571,0.06372745997186553,0.9854054518065617,0.939434604904632,1.0112911529740976,1.0575835901092465
MED00003,6-Mercaptopurine 50mg,6-Mercaptopurine,Antineoplastic (Oncology),Tablet,3374.37,1.0,3391.61,25,85281.63,16,0.44642857142857145,0.1785714285714286,0.985785158868746,0.9396982170395417,1.0068903037193777,1.0576186943298638
MED00004,Abacavir 300mg,Abacavir,Antiretroviral (ART Program),Tablet,225.58,1.0,232.505,48,11170.44,4,0.8571428571428571,1.5500141805083851,0.9636334934199424,1.0278326554044186,0.9940711627170168,1.011149905931759
MED00005,Abacavir + Lamivudine 300mg,Abacavir + Lamivudine,Antiretroviral (ART Program),Tablet,88.37,1.0,90.95,193,17565.53,11,3.4464285714285716,3.6419390943764123,0.9635355279875794,1.0275850626296634,0.9940939044031852,1.011211383029646
MED00006,Acetazolamide 250mg,Acetazolamide,General/Other,Capsule,20.92,0.7272727272727273,21.235,54,1161.85,22,0.9642857142857143,0.9081114619579724,1.046947475563144,0.9576734409050454,1.0528387690660816,0.9548760581318194
MED00007,Acetylsalicylic acid 500mg,Acetylsalicylic acid,Analgesic/Antipyretic,Tablet,7.03,0.05263157894736842,7.23,185,1329.31,57,3.3035714285714284,2.3771651662739655,1.040860814918641,0.9730379892367982,1.0419265613891957,0.9455703359980927
MED00008,Actinomycin D 50mg,Actinomycin D,Antineoplastic (Oncology),Injection,3937.94,0.9583333333333334,4068.505,38,154672.88,24,0.6785714285714286,0.9537215801995809,0.9848727004413795,0.9408391680352685,1.025952180370257,1.0570246573367978
MED00009,Activated Charcoal 40mg,Activated Charcoal,Gastrointestinal,Tablet,57.29,0.4838709677419355,59.015,221,13017.37,62,3.9464285714285716,3.48675718460259,0.8615769170018909,1.1309208214965683,1.1005217879666984,0.9277792297150426
MED00010,Acyclovir 300mg,Acyclovir,Antiviral,Tablet,294.91,0.984375,305.5,218,66475.74,64,3.892857142857143,3.8018163725578065,0.9597570828867326,1.026001347351699,0.9578230353925444,1.050421191596985
MED00011,Adenosine 10mg,Adenosine,Cardiac/Antihypertensive,Injection,10.92,0.9864864864864865,11.31,1403,15862.38,74,25.053571428571427,28.218991529905963,0.9785237628865928,1.0242603057697515,1.013872024627617,1.0034826181706131
MED00012,Adrenaline 5ml,Adrenaline,General/Other,Syrup,77.89,0.6904761904761905,80.355,147,11830.15,42,2.625,1.9143910448387493,1.0497952447343386,0.9570008658234468,1.041195423499434,0.9547445311616656
MED00013,Albendazole 500mg,Albendazole,General/Other,Syrup,68.27,0.5735294117647058,71.13499999999999,245,17404.02,67,4.375,4.558038139708021,1.0457640075561263,0.960674749030532,1.0327495054257139,0.9560247064310002
MED00014,Allopurinol 100mg,Allopurinol,Endocrine/Metabolic,Tablet,26.99,0.7333333333333333,28.035,1001,27974.59,59,17.875,21.79161614824109,0.9642311140900793,1.0060547989317128,1.1166800054353387,0.9730694618711878
MED00015,All-trans retinoic acid 100mg,All-trans retinoic acid,Antineoplastic (Oncology),Tablet,1063.66,0.9375,1094.5500000000002,24,26398.89,16,0.42857142857142855,0.5153903618633585,0.9851830375508285,0.9391626370457254,1.0175548846794298,1.0584492693967416
MED00016,Alprostadil 500mg,Alprostadil,General/Other,Syrup,22.84,0.6470588235294118,23.555,106,2494.08,34,1.8928571428571428,2.6310918246022403,1.0489973488729636,0.9568828360631644,1.0672649227537456,0.9541785477682397
MED00017,Amikacin 250mg,Amikacin,General/Other,Tablet,31.3,0.6129032258064516,32.59,102,3300.08,31,1.8214285714285714,1.6366241610568786,1.0470486969839439,0.9592891568600698,1.0461947484038017,0.9544996489386424
MED00018,Amiodarone 5mg,Amiodarone,Cardiac/Antihypertensive,Tablet,82.52,0.9055793991416309,85.27,3997,341012.01,232,71.375,84.56994028126965,0.9742541108892175,1.0270675181666433,1.037130702180092,1.000247191049228
MED00019,Amitriptyline 5mg,Amitriptyline,Neuro/Psychiatric,Tablet,57.51,0.9246575342465754,59.445,2457,146086.58000000002,144,43.875,45.41278439239247,1.0167245225973416,0.9579459197865224,1.0372258419331102,0.9838744428125605
MED00020,Amlodipine 25mg,Amlodipine,Cardiac/Antihypertensive,Injection,49.35,0.9714285714285714,50.95,649,32802.4,35,11.589285714285714,11.734132859103461,0.9817135745590145,1.0198893203942838,1.007266608199775,1.0049825540966757
MED00021,Amoxicillin 125mg/5ml,Amoxicillin,Antibiotic,Capsule,115.96,0.9066666666666666,119.58,248,29616.5,75,4.428571428571429,4.252620765226467,0.9754284124576251,0.8833331301116238,1.2493993845978175,0.9193907342597263
MED00022,Amoxicillin + Clavulanic acid 250mg,Amoxicillin + Clavulanic acid,Antibiotic,Capsule,38.02,0.9696969696969697,38.96,105,4161.39,32,1.875,2.249075301218522,0.9751562223250642,0.8795842399871457,1.2674480050839252,0.9199997592221921
MED00023,Amphotericin B 1% w/w,Amphotericin B,Antifungal,Cream,57.98,0.6666666666666666,59.25,58,3448.25,27,1.0357142857142858,0.816208577758835,1.0453614830299522,0.8509401198506592,1.2440197994196427,0.9513594331804713
MED00024,Ampicillin 1g,Ampicillin,Antibiotic,Tablet,75.45,0.9148936170212766,77.56,172,13320.38,47,3.0714285714285716,2.86122635501929,0.9776618004671197,0.8764063985032584,1.2556235655137178,0.9215486515758817
MED00025,Anti-D immunoglobulin 500IU,Anti-D immunoglobulin,Blood Product/Coagulation,Injection,1477.0,0.5,1477.0,0,0.0,0,0.0,0.0,1.0141253057109363,0.9923582224307893,0.9718336842204087,1.0089168151188908
MED00026,Anti-rabies immunoglobulin 250IU,Anti-rabies immunoglobulin,Blood Product/Coagulation,Injection,2398.49,1.0,2501.1549999999997,23,57593.909999999996,6,0.4107142857142857,0.2157442501829609,1.014168173485224,0.9926096617509621,0.9716560941384137,1.0089168151188908
MED00027,Anti-tetanus immunoglobulin 250IU,Anti-tetanus immunoglobulin,Blood Product/Coagulation,Injection,759.09,1.0,772.82,5,3871.73,2,0.08928571428571429,0.03571428571428572,1.0143646536458941,0.9923582224307893,0.9718336842204087,1.0089168151188908
MED00028,Arsenic trioxide 100mg,Arsenic trioxide,Antineoplastic (Oncology),Injection,2459.78,0.9629629629629629,2550.47,34,85881.63,26,0.6071428571428571,0.48877743791701256,0.9855747182713324,0.939280924980091,1.016589541498139,1.057290650872572
MED00029,Artemether + Lumefantrine 250mg,Artemether + Lumefantrine,Antimalarial,Tablet,75.17,0.9409282700421941,77.37,731,56651.43,233,13.053571428571429,12.77830348539412,0.9906879629367011,0.8807769178463314,1.2240509609210886,0.9584264178861363
MED00030,Artesunate 500mg,Artesunate,Antimalarial,Tablet,15.11,0.9583333333333334,15.76,250,3925.52,71,4.464285714285714,6.021780127046128,0.976707944295963,0.8911037860812315,1.2629643165125901,0.9584775565308175
MED00031,Artesunate + Sulphadoxine Pyrimethamine 500mg,Artesunate + Sulphadoxine Pyrimethamine,Antimalarial,Injection,76.83,0.9811320754716981,80.44,201,16158.54,53,3.5892857142857144,2.565916227097909,0.9749158905984627,0.9005921939732967,1.1944768015061933,0.9601472333978525
MED00032,Ascorbic acid 500mg,Ascorbic acid,Vitamin/Supplement,Syrup,20.23,0.13157894736842105,20.89,136,2837.14,38,2.4285714285714284,3.1886987848885155,0.85832595105157,1.1589723989326184,1.1500628044882482,0.8851920361381025
MED00033,Atazanavir + Ritonavir 600mg,Atazanavir + Ritonavir,Antiretroviral (ART Program),Tablet,60.17,1.0,61.94,90,5496.45,5,1.6071428571428572,1.3987544128688603,0.9635991735740339,1.02777010959583,0.9921983181502612,1.0112388100165293
MED00034,Atorvastatin 25mg,Atorvastatin,Cardiac/Antihypertensive,Tablet,142.74,0.9558823529411765,146.14,1195,175953.44,67,21.339285714285715,22.903157569251597,0.9888314947035916,1.0196417983133321,0.981385464465779,1.00353733027539
MED00035,Atracurium 1%,Atracurium,Anesthetic,Injection,290.55,1.0,300.73,14,4240.2,4,0.25,0.2604389478836546,1.0468669982497967,0.9925732085321588,0.9349350764178244,1.0071009929150054
MED00036,Atropine 1mg,Atropine,Antidote/Emergency,Injection,207.85,1.0,216.29,110,23663.010000000002,33,1.9642857142857142,2.32517476760945,1.0076850047805692,0.9656597805774361,1.0068462414130053,1.0243784502299966
MED00037,Azathioprine 25mg,Azathioprine,Immunosuppressant,Tablet,194.03,1.0,201.72,234,47353.02,13,4.178571428571429,4.791978938179753,0.9743131125472749,1.1013146699144567,1.0254601348836856,0.9704031097596691
MED00038,Azithromycin 1g,Azithromycin,Antibiotic,Tablet,31.12,0.9071729957805907,32.16,772,24877.15,233,13.785714285714286,14.452241323140573,0.9682230182230316,0.8694545191180331,1.3202124195279852,0.9217679900019426
MED00039,Baclofen 10mg,Baclofen,Muscle Relaxant,Injection,64.74,1.0,67.19,70,4696.12,19,1.25,1.1035393671218565,1.0387692033398501,0.9907632127568898,0.9941356482863162,0.9805575322696495
MED00040,Barium sulphate 100% w/v,Barium sulphate,Diagnostic/Contrast Agent,Injection,408.11,1.0,424.18,34,14469.37,11,0.6071428571428571,0.7469616820754252,1.0013012673540904,1.0166070696547012,0.9918577618351795,0.9948020460318097
MED00041,BCG vaccine 0.5ml,BCG vaccine,Vaccine/Immunological,Injection,153.73,1.0,159.87,24,3872.83,7,0.42857142857142855,0.22049516949203785,0.9711077839947404,1.0392197438982085,1.0190231638909684,0.9859834821871781
MED00042,Bedaquiline 300mg,Bedaquiline,Antitubercular,Tablet,49.61,0.9846153846153847,50.72,208,10596.06,65,3.7142857142857144,3.743014787284923,1.1151732853793341,1.053635053484285,0.930314771355791,0.9425937748784213
MED00043,Bendamustine Hydrochloride 50mg,Bendamustine Hydrochloride,Antineoplastic (Oncology),Tablet,444.43,1.0,458.81,25,11427.47,17,0.44642857142857145,0.5243339176377146,0.9852718388706211,0.9397641298912236,1.0122555542249745,1.057497028829351
MED00044,Benzathine benzylpenicillin 125mg/5ml,Benzathine benzylpenicillin,Antibiotic,Capsule,165.04,0.9,167.56,104,17608.11,30,1.8571428571428572,1.3389051878045746,0.9748594440476287,0.8809018509539458,1.258287828233957,0.920377719464822
MED00045,Benzoyl peroxide 5ml,Benzoyl peroxide,General/Other,Tablet,28.11,0.6666666666666666,28.94,67,1962.66,21,1.1964285714285714,0.526499388630721,1.0479083685911483,0.960073872127018,1.0432323833132937,0.9541600703143551
MED00046,Benzylpenicillin 1g,Benzylpenicillin,Antibiotic,Injection,124.32,0.9772727272727273,127.61,136,17450.51,42,2.4285714285714284,2.050069457874848,0.975059238201113,0.8774755223163344,1.2515750301731576,0.9220767536923239
MED00047,Betamethasone 250mg,Betamethasone,General/Other,Capsule,31.82,0.5614035087719298,32.825,357,11705.33,111,6.375,6.729824022712462,1.0434984136332133,0.9536694323448056,1.07660034861462,0.9566529046480405
MED00048,Betamethasone 250mg,Betamethasone,General/Other,Tablet,46.4,0.620253164556962,47.69,817,39059.95,233,14.589285714285714,14.915871699247917,1.0558567371022312,0.9550502305989569,1.1398480806702442,0.943105405911904
MED00049,Bicalutamide 50mg,Bicalutamide,Antineoplastic (Oncology),Injection,2596.18,1.0,2609.27,5,13085.45,3,0.08928571428571429,0.03571428571428572,0.9854054518065617,0.939447748455988,1.0107460930587147,1.0575835901092465
MED00050,Bisacodyl 5ml,Bisacodyl,General/Other,Capsule,22.94,0.53125,23.689999999999998,178,4229.1,62,3.1785714285714284,2.9348172195717623,1.0523834904808256,0.9560073667469265,1.02201010082501,0.955284995710001
MED00051,Bleomycin 10mg,Bleomycin,Antineoplastic (Oncology),Tablet,4372.26,0.8571428571428571,4390.24,7,31392.36,7,0.125,0.09956163510520857,0.9854908107464937,0.9395384957472535,1.0088448432716328,1.0575555792048685
MED00052,Bortezomib 10mg,Bortezomib,Antineoplastic (Oncology),Tablet,3555.56,1.0,3713.9799999999996,30,111462.06,20,0.5357142857142857,0.5127279749771145,0.9859459108866652,0.9404715612555512,1.0052195667764712,1.0573252596334117
MED00053,Budesonide 200mcg,Budesonide,Respiratory,Tablet,208.5,0.926829268292683,216.89,394,85393.15,122,7.035714285714286,7.3974957992768395,0.9647313015217388,0.8936672776156936,1.3418542650138867,0.9158839449675775
MED00054,Budesonide + Formoterol 100mcg,Budesonide + Formoterol,Respiratory,Inhaler,200.02,0.8805970149253731,206.79,434,89916.8,133,7.75,8.268693036576977,0.9740388195394399,0.8845999880507776,1.2865921719359898,0.9211236344678797
MED00055,Bupivacaine 2%,Bupivacaine,Anesthetic,Injection,189.42,1.0,197.65,43,8496.710000000001,14,0.7678571428571429,0.8419713867801132,1.0466119005512398,0.9924759534492477,0.9348790729976982,1.007162421807799
MED00056,Buprenorphine 10mg,Buprenorphine,Opioid Analgesic,Tablet,139.84,1.0,143.68,32,4682.52,9,0.5714285714285714,0.8854339653537204,1.027329127298481,1.008680954283624,0.9895525526301001,0.993012133007578
MED00057,Buprenorphine + Naloxone 100mg,Buprenorphine + Naloxone,Opioid Analgesic,Tablet,31.5,1.0,32.42,19,611.71,6,0.3392857142857143,0.33816830747377336,1.0274266075531813,1.0082162101603718,0.9878786218314646,0.9930587948616119
MED00058,Caffeine 5ml,Caffeine,General/Other,Tablet,23.72,0.5238095238095238,24.57,55,1341.17,21,0.9821428571428571,0.9176917848633286,1.0489280680265016,0.9570676972628787,1.047949117645168,0.9544434158310071
MED00059,Calamine 1% w/w,Calamine,Dermatological,Lotion,29.3,0.3986013986013986,30.25,485,14683.300000000001,143,8.660714285714286,9.384753397506792,1.040312537713004,0.9162111330876842,1.1992295845346441,0.9459770467208816
MED00060,Calcium carbonate 60mg,Calcium carbonate,Vitamin/Supplement,Syrup,29.52,0.21052631578947367,30.37,320,9771.36,95,5.714285714285714,5.52807940985833,0.8591169758015419,1.1637580595170633,1.1103006176549497,0.8850529539675895
MED00061,Calcium folinate 10mg,Calcium folinate,Antineoplastic (Oncology),Tablet,1932.44,1.0,2003.85,48,96036.5,30,0.8571428571428571,0.6419386764964343,0.9845669497259952,0.9382405541448527,1.0030709564363018,1.060777124716888
MED00062,Calcium gluconate 5ml,Calcium gluconate,Vitamin/Supplement,Syrup,26.28,0.1829787234042553,27.16,780,21211.42,235,13.928571428571429,14.619582028351019,0.8600467929615682,1.1661816379058998,1.149405793072983,0.8799193767797162
MED00063,Capecitabine 10mg,Capecitabine,Antineoplastic (Oncology),Injection,3780.7,0.8,3872.26,6,23296.68,5,0.10714285714285714,0.04285714285714286,0.9854465449090193,0.939434604904632,1.0091761362391087,1.0577254497747164
MED00064,Carbamazepine 25mg,Carbamazepine,Neuro/Psychiatric,Tablet,49.24,0.9425287356321839,50.58,1544,78110.9,85,27.571428571428573,27.309612491559257,1.0255564177348089,0.9486205907319709,1.0932961799639012,0.9801725517528638
MED00065,Carbimazole 5mg,Carbimazole,Endocrine/Metabolic,Tablet,32.47,0.7319587628865979,33.415,3277,110114.32,192,58.517857142857146,53.22382444518839,0.9686050850682708,1.0049764657365245,1.0447171965806228,0.975422417062305
MED00066,Carboplatin 100mg,Carboplatin,Antineoplastic (Oncology),Tablet,2579.32,0.9473684210526315,2642.14,22,58717.619999999995,18,0.39285714285714285,0.4988289411479394,0.9856192474932713,0.9389976041229081,1.0243320298487604,1.0573292170900697
MED00067,Carboxymethyl cellulose 250mg,Carboxymethyl cellulose,General/Other,Tablet,19.86,0.75,20.645000000000003,139,2876.61,40,2.482142857142857,2.531817482834943,1.0515883385271372,0.9557108519959525,1.0396629194635907,0.9548752496043482
MED00068,Cefadroxil 125mg/5ml,Cefadroxil,Antibiotic,Tablet,147.36,0.9444444444444444,152.53,198,30210.36,54,3.5357142857142856,3.8246341022573693,0.9728999717438209,0.8787641722885232,1.286121133139885,0.9204239955817555
MED00069,Cefazolin 250mg,Cefazolin,Antibiotic,Capsule,27.3,0.9,28.03,88,2474.02,29,1.5714285714285714,1.3802793356218,0.9768032201288994,0.8778960279260429,1.2637887550334643,0.9203747501072831
MED00070,Cefixime 500mg,Cefixime,Antibiotic,Syrup,177.84,0.9022222222222223,183.52,748,137473.53,223,13.357142857142858,12.277247661550449,0.9687111868612679,0.8763840110431007,1.232985073014194,0.928611924016111
MED00071,Cefotaxime 125mg/5ml,Cefotaxime,Antibiotic,Capsule,142.42,0.9,146.58499999999998,125,18367.2,40,2.232142857142857,1.7177558245222504,0.975595882818241,0.877848703249717,1.2728835956926392,0.9201477867910206
MED00072,Ceftazidime 250mg,Ceftazidime,Antibiotic,Capsule,47.79,0.8611111111111112,49.05,108,5327.02,35,1.9285714285714286,2.387394107297159,0.9761544445879423,0.8768566397994836,1.2685914114487082,0.920820560644454
MED00073,Ceftriaxone 1g,Ceftriaxone,Antibiotic,Syrup,15.91,0.9375,16.67,208,3446.7200000000003,64,3.7142857142857144,3.750815259412613,0.9745752561546507,0.8815457206313254,1.2582220541571192,0.9198046827972559
MED00074,Cefuroxime 250mg,Cefuroxime,Antibiotic,Tablet,149.55,0.8888888888888888,155.94,194,30081.83,63,3.4642857142857144,3.572499357480072,0.9718790616062033,0.8790310203194913,1.2804184719164262,0.9203165784163749
MED00075,Cetirizine 5mg/5ml,Cetirizine,Antihistamine/Allergy,Tablet,33.27,0.41509433962264153,34.3,161,5512.71,53,2.875,3.5483918702828463,1.0167450456456553,0.8622754039681557,1.3342273377630398,0.8721654825972094
MED00076,Chlorambucil 50mg,Chlorambucil,Antineoplastic (Oncology),Tablet,3361.83,1.0,3473.8450000000003,5,17211.07,4,0.08928571428571429,0.13478162082271206,0.985384910540892,0.939434604904632,1.0094144542250267,1.0576665542427912
MED00077,Chlorhexidine 5% w/v,Chlorhexidine,Antiseptic/Disinfectant,Solution,48.56,0.16216216216216217,50.315,240,12042.74,74,4.285714285714286,4.911691670403666,0.9486406136771564,0.8837764398509245,1.3761155325244177,0.9015145866480622
MED00078,Chloroquine 250mg,Chloroquine,Antimalarial,Tablet,18.14,0.8524590163934426,18.51,214,3943.83,61,3.8214285714285716,2.674320399149852,0.9784068882578193,0.890884782639317,1.2219081456326508,0.9607711440737292
MED00079,Cholecalciferol 5mg,Cholecalciferol,Endocrine/Metabolic,Tablet,38.68,0.6947368421052632,39.66,1676,66743.08,92,29.928571428571427,23.369960366838917,0.9677742916755891,1.0218318441131424,1.0703132841119385,0.964467472605833
MED00080,Ciprofloxacin 500mg,Ciprofloxacin,Antibiotic,Capsule,34.12,0.9636363636363636,35.72,172,6089.96,55,3.0714285714285716,3.964076938671307,0.9767906032980892,0.8758150769247892,1.2794710107793599,0.9206622319762077
MED00081,Cisplatin 10mg,Cisplatin,Antineoplastic (Oncology),Tablet,3925.03,1.0,4108.87,22,89109.01000000001,15,0.39285714285714285,0.35531866116576893,0.9851620974507665,0.9404646732373675,1.0092049379392316,1.05749647833019
MED00082,Clarithromycin 125mg/5ml,Clarithromycin,Antibiotic,Capsule,117.84,0.8793103448275862,121.515,213,25838.38,58,3.8035714285714284,2.887795358469634,0.9773340288350524,0.8792364674037336,1.244175441121075,0.9202651706110716
MED00083,Clindamycin 500mg,Clindamycin,Antibiotic,Injection,69.6,1.0,71.50999999999999,216,15489.15,66,3.857142857142857,4.390137661073634,0.9730626949070512,0.876458078419433,1.2819249724949209,0.9217253964304518
MED00084,Clobazam 300mg,Clobazam,Antiepileptic,Tablet,15.72,0.9323308270676691,16.18,2400,38875.9,132,42.857142857142854,41.73153396236821,1.0129027917383524,0.9790525547826898,0.9496240961397248,1.038547216065844
MED00085,Clofazimine 250mg,Clofazimine,General/Other,Syrup,31.77,0.5714285714285714,32.35,106,3462.5,35,1.8928571428571428,2.322784207636497,1.0461046839937787,0.9581671241322027,1.053881209435202,0.9548973092024112
MED00086,Clomiphene citrate 10IU,Clomiphene citrate,Reproductive/Hormonal Health,Injection,75.16,1.0,78.77,11,866.13,3,0.19642857142857142,0.07857142857142857,1.1572671811051474,1.0180989003003194,0.9349471867187831,0.9421443866252646
MED00087,Clomipramine 250mg,Clomipramine,General/Other,Capsule,61.07,0.76,63.44,91,5713.13,25,1.625,2.0348896812326402,1.0481934084135673,0.9564139564269584,1.047014805330492,0.9554493457406888
MED00088,Clonazepam 100mg,Clonazepam,Antiepileptic,Tablet,67.38,0.9545454545454546,69.23,1591,110368.14,87,28.410714285714285,26.48976814625741,1.0096164764326048,0.9895751429453375,0.9388130305175953,1.0345527049652439
MED00089,Clopidogrel 5mg,Clopidogrel,Cardiac/Antihypertensive,Tablet,133.98,0.8793103448275862,138.58,1022,141288.81,58,18.25,13.305645946239629,0.9798782992634862,1.0223202926534338,0.9657578971387095,1.00884110059848
MED00090,Clotrimazole 150mg,Clotrimazole,Antifungal,Cream,81.39,0.6060606060606061,83.58500000000001,227,19095.75,65,4.053571428571429,3.533764500481062,1.0461026307756318,0.8501427378443397,1.2550096264672146,0.9501965344608109
MED00091,Cloxacillin 500mg,Cloxacillin,Antibiotic,Capsule,34.73,0.8787878787878788,35.9,131,4666.7,33,2.3392857142857144,2.6376014754154165,0.9741867328078466,0.8776065940405963,1.2926826250959345,0.9207641064811531
MED00092,Clozapine 500mg,Clozapine,General/Other,Tablet,59.93,0.75,61.785,74,4572.96,20,1.3214285714285714,1.1983556929631565,1.0476866518341519,0.9583323189171037,1.0451126388221628,0.9544010451428488
MED00093,Coagulation factor IX 250IU,Coagulation factor IX,Blood Product/Coagulation,Injection,2330.2,1.0,2405.885,11,26261.58,3,0.19642857142857142,0.1814900878029917,1.0144522244930296,0.9923582224307893,0.9716411071291139,1.0089168151188908
MED00094,Coagulation factor VIII 250IU,Coagulation factor VIII,Blood Product/Coagulation,Injection,1771.58,1.0,1876.77,38,71568.18,9,0.6785714285714286,0.8378416557822242,1.0139877578402874,0.992644967363642,0.9710227662336187,1.0089693781383593
MED00095,Coal tar + Salicylic Acid 500mg,Coal tar + Salicylic Acid,General/Other,Syrup,63.97,0.578125,65.535,199,13111.0,63,3.5535714285714284,3.025035169806427,1.0466674131137583,0.9588427501340436,1.060110379764995,0.953744517903281
MED00096,Colchicine 60000IU,Colchicine,Endocrine/Metabolic,Tablet,49.5,0.7692307692307693,52.01,647,33535.32,38,11.553571428571429,13.341331056495264,0.971342541703058,1.0102272337738518,1.0894617246315847,0.9678324247586291
MED00097,Condom 5mg,Condom,Reproductive/Hormonal Health,Injection,111.71,1.0,117.075,29,3363.27,10,0.5178571428571429,0.6347904786917695,1.1583691826695377,1.0178560798286362,0.935349525740902,0.9420280641900668
MED00098,Co-trimoxazole [Sulphamethoxazole + Trimethoprim] 500mg,Co-trimoxazole [Sulphamethoxazole + Trimethoprim],General/Other,Capsule,39.93,0.6081081081081081,41.06,493,20324.39,147,8.803571428571429,9.660466628302498,1.0503906076635308,0.9599168205327145,1.0750869987863867,0.9497241493133056
MED00099,Cryoprecipitate 250IU,Cryoprecipitate,Blood Product/Coagulation,Injection,271.17,1.0,274.095,14,3825.05,4,0.25,0.1,1.0142313469069075,0.9923582224307893,0.971571959359373,1.0089579552874353
MED00100,Cyclophosphamide 100mg,Cyclophosphamide,Antineoplastic (Oncology),Tablet,753.14,0.6666666666666666,777.21,3,2302.01,3,0.05357142857142857,0.07096462254570712,0.9854321031781464,0.939434604904632,1.0093658834808454,1.0576313444877739
MED00101,Cycloserine 500mg,Cycloserine,General/Other,Tablet,12.2,0.5714285714285714,12.6,278,3513.69,91,4.964285714285714,5.058120156962976,1.0464624716878688,0.9570017866098673,1.090350735021376,0.9522767367592785
MED00102,Cyclosporine 25mg,Cyclosporine,Immunosuppressant,Tablet,340.02,1.0,354.58,190,67779.16,11,3.392857142857143,2.7303343359938195,0.9744373699515215,1.1030207287222709,1.0195227843763421,0.9702409343968496
MED00103,Cytosine arabinoside 250mg,Cytosine arabinoside,General/Other,Syrup,32.0,0.5,32.849999999999994,171,5629.04,61,3.0535714285714284,2.529269541175424,1.047538891717713,0.9588346820081389,1.0322355937980046,0.9552310629451104
MED00104,D-Penicillamine 250mg,D-Penicillamine,General/Other,Syrup,45.6,0.6402877697841727,46.93,476,22290.95,138,8.5,6.978009665283816,1.050809367298207,0.9499408556119525,1.0620429667560933,0.9556072965986425
MED00105,Dabigatran 500mg,Dabigatran,General/Other,Capsule,73.53,0.589041095890411,76.04,734,55885.27,218,13.107142857142858,12.258114565473962,1.0427771504355825,0.9761370740217389,1.0049524308646427,0.9519621936989414
MED00106,Dacarbazine 50mg,Dacarbazine,Antineoplastic (Oncology),Injection,1347.03,0.75,1340.37,8,10681.51,4,0.14285714285714285,0.05714285714285714,0.9854269970831933,0.9393873624588976,1.0094630467147954,1.0577388231006921
MED00107,Daclatasvir 5ml,Daclatasvir,General/Other,Syrup,38.73,0.5872093023255814,39.955,536,21378.1,170,9.571428571428571,8.875035502254123,1.0451021380259924,0.9514830726518306,1.0502403113577077,0.9595343429944311
MED00108,Dapsone 500mg,Dapsone,General/Other,Syrup,62.89,0.5384615384615384,65.33500000000001,179,11695.07,51,3.1964285714285716,2.8775181070108324,1.0472565175300923,0.9590299786159333,1.0319293458931507,0.955869056059859
MED00109,Darunavir 300mg,Darunavir,Antiretroviral (ART Program),Tablet,110.93,0.5,111.065,29,3220.38,2,0.5178571428571429,0.20714285714285718,0.9636334934199424,1.0280816210482924,0.9915768945964315,1.011149905931759
MED00110,Darunavir + Ritonavir 600mg,Darunavir + Ritonavir,Antiretroviral (ART Program),Tablet,63.86,1.0,64.81,10,648.1,1,0.17857142857142858,0.07142857142857144,0.9636334934199424,1.02777010959583,0.9915768945964315,1.011236058147234
MED00111,Daunorubicin 100mg,Daunorubicin,Antineoplastic (Oncology),Injection,1516.96,0.9,1546.855,43,67303.72,30,0.7678571428571429,0.6992624682588393,0.9844074562347258,0.9404218550175661,1.0200969006920875,1.057567659789562
MED00112,Delamanid 250mg,Delamanid,General/Other,Tablet,21.29,0.5957446808510638,22.23,175,3876.98,47,3.125,3.2036666461884855,1.0492524008611483,0.9597916664487239,1.0493090026384269,0.9532683278112045
MED00113,Desferrioxamine 500mg,Desferrioxamine,General/Other,Syrup,75.08,0.5714285714285714,77.08500000000001,90,6966.17,28,1.6071428571428572,1.5852282572636498,1.0484148938421947,0.9583733250770214,1.0611530687990016,0.9533230380785991
MED00114,Dexamethasone 50mcg,Dexamethasone,Hormone/Endocrine,Tablet,164.5,0.94,170.20999999999998,758,129279.9,49,13.535714285714286,15.739373075561256,0.999158768831055,0.9388580669661502,1.045995992295971,1.0338594890838748
MED00115,Dextran-40 500mg,Dextran-40,General/Other,Capsule,54.34,0.5405405405405406,55.45,114,6360.44,36,2.0357142857142856,1.8131318461606352,1.0510103785097524,0.9565498691031202,1.0512129611285161,0.9538616315600407
MED00116,Diazepam 5mg,Diazepam,Neuro/Psychiatric,Tablet,105.86,1.0,110.03999999999999,522,57046.59,26,9.321428571428571,10.326598647697391,1.0212619470271318,0.947202368597225,1.0609231771140355,0.9853095502918774
MED00117,Diclofenac 50mg,Diclofenac,NSAID,Tablet,49.79,0.3793103448275862,51.71,91,4644.46,28,1.625,1.1754568277556152,1.0331018475006122,0.9327030874151131,1.0467082564122652,0.9913594059097689
MED00118,Dicyclomine 500mg,Dicyclomine,General/Other,Tablet,23.06,0.7692307692307693,23.795,61,1452.6,25,1.0892857142857142,1.519764764689711,1.0474913601056153,0.957320102372677,1.0608362085563634,0.9552406753320134
MED00119,Diethylcarbamazine 250mg,Diethylcarbamazine,General/Other,Syrup,72.48,0.5517241379310345,74.32,98,7326.28,29,1.75,1.4655326342341057,1.048682384633629,0.9571805751619541,1.0450240319282769,0.954569820500564
MED00120,Digoxin 10mg,Digoxin,Cardiac/Antihypertensive,Injection,84.59,0.9354838709677419,87.31,601,52550.520000000004,31,10.732142857142858,6.229314691256851,0.9824173167452351,1.0249551309067866,0.981173071193925,1.0039683781384308
MED00121,Diltiazem 500mg,Diltiazem,General/Other,Syrup,66.52,0.6506024096385542,68.83,237,16280.220000000001,80,4.232142857142857,3.0493911291840092,1.0505660507151726,0.9676160005686791,0.9951833227971243,0.9539168427661053
MED00122,Dinoprostone 250mg,Dinoprostone,General/Other,Tablet,72.73,0.65,75.95500000000001,136,10221.49,40,2.4285714285714284,3.182671335734826,1.0470963904055144,0.9563545682164709,1.0853625114079073,0.9538750662657011
MED00123,Diphtheria antitoxin 1ml,Diphtheria antitoxin,Vaccine/Immunological,Injection,320.3,1.0,332.91,46,15260.74,13,0.8214285714285714,0.6726957189660829,0.9709148920459298,1.0391262693495806,1.017074382045531,0.9861574476777387
MED00124,Dobutamine 250mg,Dobutamine,General/Other,Syrup,17.7,0.583941605839416,18.16,490,8928.12,137,8.75,8.75224010266114,1.0460609094962423,0.9473890804112479,1.0757314763918213,0.959074749819668
MED00125,Docetaxel 100mg,Docetaxel,Antineoplastic (Oncology),Tablet,1257.33,1.0,1300.775,12,15659.6,8,0.21428571428571427,0.23435158583794674,0.9852825620101321,0.940005338762992,1.009167953637514,1.057578098613322
MED00126,Dolutegravir 300mg,Dolutegravir,Antiretroviral (ART Program),Tablet,172.4,1.0,180.11,50,8965.7,3,0.8928571428571429,0.3571428571428572,0.9638457728515027,1.0278140206240165,0.9915768945964315,1.011149905931759
MED00127,Domperidone 40mg,Domperidone,Gastrointestinal,Tablet,75.08,0.29411764705882354,78.69,105,8257.8,33,1.875,1.8498390209391162,0.8642860905313042,1.130849624859821,1.0910687629316511,0.9279323025843021
MED00128,Donepezil 500mg,Donepezil,General/Other,Syrup,70.25,0.5151515151515151,71.86,116,8355.47,32,2.0714285714285716,1.6947498130746084,1.0534161463957614,0.9564153981334443,1.0390469401013969,0.9540538514222063
MED00129,Dopamine 5ml,Dopamine,General/Other,Tablet,10.49,0.46153846153846156,10.815000000000001,73,792.78,26,1.3035714285714286,1.001622730091895,1.048944055025085,0.9589885201138721,1.0412454857672744,0.9537632811775646
MED00130,Doxorubicin 10mg,Doxorubicin,Antineoplastic (Oncology),Injection,2445.14,1.0,2520.33,9,22467.260000000002,6,0.16071428571428573,0.0642857142857143,0.9853486763266488,0.9394114011566084,1.0088559159367216,1.057795937039359
MED00131,Doxycycline 250mg,Doxycycline,Antibiotic,Syrup,83.87,0.9117647058823529,86.725,136,11761.8,33,2.4285714285714284,1.7302247961405413,0.9739207872011811,0.8792697705640277,1.2519830345236747,0.9216582416378161
MED00132,DPT vaccine 1ml,DPT vaccine,Vaccine/Immunological,Injection,238.79,1.0,242.26,20,4812.0599999999995,5,0.35714285714285715,0.14285714285714288,0.9707244872175769,1.0392131256741308,1.019283018849166,0.9862098845488474
MED00133,DPT + Hib + Hep B vaccine 0.5ml,DPT + Hib + Hep B vaccine,Vaccine/Immunological,Injection,151.89,0.875,157.925,24,3838.82,8,0.42857142857142855,0.5148456094469976,0.971126608416517,1.0393498976272573,1.0191690022707045,0.9859731500821123
MED00134,Efavirenz 300mg,Efavirenz,Antiretroviral (ART Program),Tablet,144.66,1.0,153.54,15,2303.1,1,0.26785714285714285,0.10714285714285715,0.9637598717811586,1.02777010959583,0.9915768945964315,1.011149905931759
MED00135,Enalapril 5mg,Enalapril,Cardiac/Antihypertensive,Tablet,141.89,0.9761904761904762,145.01,732,106598.37,42,13.071428571428571,10.340761737803632,0.9823782099965236,1.022987736204174,0.9780543558737247,1.0049990732235572
MED00136,Enoxaparin 1mg,Enoxaparin,Anticoagulant,Injection,117.26,1.0,122.46,129,15707.58,9,2.3035714285714284,2.2961358467246473,0.9914397030600511,0.9907605098039636,1.091141384755485,0.9957985446662057
MED00137,Entecavir 300mg,Entecavir,Antiviral,Tablet,226.76,0.9444444444444444,233.32999999999998,117,27444.93,35,2.0892857142857144,1.796293858707045,0.9651582787864346,1.028116700706494,0.9369343522431786,1.0472860675087545
MED00138,Erythropoietin 5ml,Erythropoietin,General/Other,Capsule,59.21,0.4772727272727273,62.58,125,7755.17,44,2.232142857142857,1.7644038357067746,1.0488349733387614,0.961234473612204,1.0326469108124736,0.9538474341696188
MED00139,Escitalopram 5ml,Escitalopram,General/Other,Tablet,35.45,0.43478260869565216,36.52,217,7903.41,67,3.875,2.085077384426757,1.0533776920728353,0.9616980965346181,1.0278887054612293,0.9521518787212698
MED00140,Esmolol 250mg,Esmolol,General/Other,Tablet,78.02,0.6,82.81,78,6400.26,20,1.3928571428571428,1.6549135058129303,1.0476442785497455,0.95818037809858,1.0475776533041774,0.9543156586795569
MED00141,Ethambutol 125mg/5ml,Ethambutol,Antibiotic,Syrup,173.8,0.9174311926605505,178.96,321,57409.18,108,5.732142857142857,5.904224714810811,0.9747639149080795,0.8819944905629226,1.2737556918116488,0.9178332223063782
MED00142,Ethinylestradiol + Levonorgestrel 0.75mg,Ethinylestradiol + Levonorgestrel,Reproductive/Hormonal Health,Tablet,61.58,0.7,64.06,28,1793.02,10,0.5,0.3605208462730657,1.1578455927258169,1.0179313715514282,0.9344580687347707,0.9420220027348267
MED00143,Ethionamide 250mg,Ethionamide,General/Other,Capsule,44.81,0.5909090909090909,46.875,69,3231.27,22,1.2321428571428572,1.4448699469151982,1.0500324007731454,0.9571005553550757,1.0504060404832731,0.9541390173180282
MED00144,Ethyl alcohol 250mg,Ethyl alcohol,General/Other,Tablet,31.06,0.5579710144927537,31.975,411,13142.38,137,7.339285714285714,6.694872860091005,1.043865660128672,0.9664826299074121,1.0507670591296945,0.9518760718127542
MED00145,Etoposide 50mg,Etoposide,Antineoplastic (Oncology),Tablet,1496.33,1.0,1548.39,41,63530.23,28,0.7321428571428571,0.9377703036787819,0.9858856205624689,0.9389166133151238,1.0078876343163474,1.0581105988758222
MED00146,Fentanyl 125mg/5ml,Fentanyl,Analgesic/Antipyretic,Injection,6.29,0.9642857142857143,6.48,94,614.17,28,1.6785714285714286,1.9268618681155405,1.043597882276686,0.9741177228035637,1.0753259480711466,0.9386150441664521
MED00147,Ferrous Salts + Folic Acid 60mg,Ferrous Salts + Folic Acid,Vitamin/Supplement,Syrup,46.57,0.125,48.41,75,3646.19,24,1.3392857142857142,1.5107209197104292,0.8583070623981496,1.160084080546161,1.1281974518384157,0.8862293585993214
MED00148,Ferrous salts 500mg,Ferrous salts,Vitamin/Supplement,Syrup,40.16,0.16161616161616163,41.45,307,12788.9,98,5.482142857142857,7.04825574014642,0.8578667409833642,1.1558040716588043,1.1533553605931397,0.8859783164588491
MED00149,Filgrastim 250mg,Filgrastim,General/Other,Tablet,13.6,0.5375,14.105,250,3534.82,78,4.464285714285714,4.439334917706959,1.044426270600453,0.9609864502384943,1.036319949749167,0.9562912629308858
MED00150,Fluconazole 150mg,Fluconazole,Antifungal,Tablet,56.22,0.6071428571428571,58.485,90,5273.71,28,1.6071428571428572,1.8248030775283652,1.0440373336133855,0.8509134789138201,1.2690935820319476,0.9510855857117069
MED00151,Fludrocortisone 500mg,Fludrocortisone,General/Other,Capsule,73.58,0.45161290322580644,76.04,107,8071.320000000001,30,1.9107142857142858,1.575403003779773,1.0486533338892554,0.9572783666007626,1.047937223148325,0.9542639683973908
MED00152,Flunarizine 250mg,Flunarizine,General/Other,Capsule,26.77,0.5483870967741935,27.27,107,2933.94,31,1.9107142857142858,1.8684595087007527,1.0473975683252073,0.9571744096627754,1.0415027107297354,0.9578682557453353
MED00153,Fluorescein 250mg,Fluorescein,General/Other,Tablet,20.14,0.5681818181818182,21.045,142,2965.03,43,2.5357142857142856,2.1459699847214946,1.0472593306480664,0.9584901177663491,1.060366421402953,0.9538407092876169
MED00154,Fluoxetine 10mg,Fluoxetine,Neuro/Psychiatric,Tablet,63.84,0.9215686274509803,65.38,866,56787.409999999996,51,15.464285714285714,13.311547908739499,1.0245475567031574,0.9442440452421375,1.0384749899420738,0.9875485915989504
MED00155,Fluphenazine 250mg,Fluphenazine,General/Other,Syrup,79.0,0.5813953488372093,81.46,146,11946.87,43,2.607142857142857,2.0457266118473383,1.0484344537810186,0.9564313941619065,1.0469956783680545,0.9548929935765361
MED00156,Folic Acid 60mg,Folic Acid,Vitamin/Supplement,Tablet,24.52,0.13333333333333333,25.27,150,3798.2799999999997,44,2.6785714285714284,3.3531821634143713,0.859142096917294,1.157705025686209,1.1394744853835121,0.8856986545418787
MED00157,Framycetin 5ml,Framycetin,General/Other,Capsule,57.05,0.6391752577319587,58.8,302,17793.96,95,5.392857142857143,5.544354421922218,1.0514732078516953,0.9537357381500838,1.062821123260572,0.9536408276081788
MED00158,Fresh frozen plasma 250IU,Fresh frozen plasma,Blood Product/Coagulation,Injection,2332.53,1.0,2459.79,12,28817.219999999998,3,0.21428571428571427,0.18863886164733326,1.0141253057109363,0.9924650635117628,0.9715852515637277,1.0089168151188908
MED00159,Furosemide 5mg,Furosemide,Cardiac/Antihypertensive,Injection,41.74,1.0,42.77,535,22867.39,29,9.553571428571429,7.389701958589409,0.9833260741497505,1.0208903757708203,0.9808665481163817,1.0056373836110943
MED00160,Fusidic acid 250mg,Fusidic acid,General/Other,Tablet,60.98,0.6129032258064516,62.26,292,18280.56,92,5.214285714285714,4.497478578684907,1.0451469774321767,0.9554020843953008,1.057317254191168,0.9561709173040934
MED00161,Gadobenate dimeglumine 500mg,Gadobenate dimeglumine,General/Other,Tablet,35.74,0.572463768115942,36.705,434,15977.65,136,7.75,7.5408173742280145,1.0545805196986613,0.9495028780534075,1.0808820979346005,0.9531539911535686
MED00162,Gefitinib 5ml,Gefitinib,General/Other,Capsule,54.26,0.7115384615384616,55.685,141,7837.5599999999995,51,2.517857142857143,1.6748777124465235,1.046682756773825,0.9590701901118412,1.048320294260602,0.9545159407142081
MED00163,Gemcitabine 100mg,Gemcitabine,Antineoplastic (Oncology),Injection,2960.82,1.0,3066.075,18,55126.17,12,0.32142857142857145,0.32679869492778535,0.9861545572733641,0.9392391662143612,1.0089429354307713,1.0574764818794373
MED00164,Gentamicin 500mg,Gentamicin,Antibiotic,Syrup,103.4,0.84375,105.16999999999999,105,11041.99,32,1.875,1.2679172762919304,0.9760990742187243,0.8778238817259144,1.2550266804261219,0.9207604612451937
MED00165,Glimepiride 500mg,Glimepiride,Antidiabetic,Injection,31.67,0.975,32.519999999999996,741,24084.04,40,13.232142857142858,11.450821405285526,0.9592667992622038,0.9914836112012257,1.0393045050696952,1.013640623682092
MED00166,Glucose 5ml,Glucose,General/Other,Capsule,68.47,0.6829268292682927,70.62,144,10019.58,41,2.5714285714285716,1.651359687215899,1.0499369318954144,0.9566726814742839,1.0436934077960254,0.9543549521847474
MED00167,Glucose + Sodium chloride 5ml,Glucose + Sodium chloride,General/Other,Syrup,32.45,0.6206896551724138,33.58,79,2657.91,28,1.4107142857142858,2.010865554853369,1.0477065700036807,0.9570274000369811,1.0714928803319712,0.9540456563948794
MED00168,Glutaraldehyde 250mg,Glutaraldehyde,General/Other,Syrup,23.06,0.5625,23.91,94,2248.7,32,1.6785714285714286,1.6783798793305094,1.0475742884759542,0.9607439209017647,1.0427515131667662,0.953964864335685
MED00169,Glycerin 500mg,Glycerin,General/Other,Tablet,12.85,0.5172413793103449,13.44,93,1253.2,29,1.6607142857142858,1.4325070307755605,1.0491433537602106,0.9584549376033507,1.04136657344443,0.954169457613557
MED00170,Glyceryl trinitrate 250mg,Glyceryl trinitrate,General/Other,Capsule,51.36,0.6190476190476191,53.26,81,4296.77,21,1.4464285714285714,1.6239567713809215,1.047758953242979,0.9579708745242488,1.0522435650797715,0.9541174417346385
MED00171,Glycopyrrolate 500mg,Glycopyrrolate,General/Other,Syrup,57.43,0.6,58.695,110,6485.99,40,1.9642857142857142,2.1519019167992393,1.0503087974667498,0.956818105574865,1.061347626788633,0.9556747833074107
MED00172,Griseofulvin 200mg,Griseofulvin,Antifungal,Tablet,22.16,0.5806451612903226,23.14,103,2379.3199999999997,31,1.8392857142857142,2.06720778809842,1.0453698487613932,0.8510108121192341,1.2392099526175357,0.9513607680644828
MED00173,Haemodialysis fluid 5ml,Haemodialysis fluid,General/Other,Tablet,45.85,0.5,47.285,132,6215.26,43,2.357142857142857,2.6075652897693504,1.0491605343540493,0.9573658951479918,1.051235319083406,0.9538027312440436
MED00174,Haloperidol 10mg,Haloperidol,Neuro/Psychiatric,Tablet,34.91,0.9565217391304348,36.54,393,14158.119999999999,23,7.017857142857143,6.941779735866904,1.0210241005139475,0.9481141961885844,1.052087553899634,0.9851743637316327
MED00175,Halothane 1%,Halothane,Anesthetic,Injection,202.42,0.9565217391304348,207.81,68,14056.56,23,1.2142857142857142,1.2881132065862195,1.047420702021942,0.9924945207057339,0.9346971693144925,1.0069430120198233
MED00176,Heparin 5mg,Heparin,Cardiac/Antihypertensive,Injection,32.76,1.0,33.88,963,32411.15,58,17.196428571428573,17.296316283882437,0.9812762558213147,1.0173275371545265,1.0222941863056463,1.0058137035759154
MED00177,Hepatitis B immunoglobulin 250IU,Hepatitis B immunoglobulin,Blood Product/Coagulation,Injection,2134.63,0.8571428571428571,2188.74,25,54793.85,7,0.44642857142857145,0.23000825123386676,1.0143199799170715,0.9923582224307893,0.9720662632708182,1.0089336284259944
MED00178,Hepatitis B vaccine 0.5ml,Hepatitis B vaccine,Vaccine/Immunological,Injection,378.73,1.0,387.64,94,37075.22,21,1.6785714285714286,2.524103757176787,0.9706709302284857,1.0408132354929052,1.0255440428067655,0.9853850157848543
MED00179,Homatropine 1mg,Homatropine,Antidote/Emergency,Tablet,236.08,1.0,243.22,19,4610.68,5,0.3392857142857143,0.387510252041675,1.009048362514634,0.9663639765824633,0.9928673745112574,1.0238150023009664
MED00180,Hormone releasing IUD 500mg,Hormone releasing IUD,General/Other,Syrup,19.63,0.5483870967741935,20.08,105,2116.58,31,1.875,1.086078150929936,1.0495272374651266,0.9573912244644468,1.0414244396178147,0.9543771563525748
MED00181,Human chorionic gonadotropin 250mg,Human chorionic gonadotropin,General/Other,Tablet,33.87,0.5818181818181818,34.69,202,6995.04,54,3.607142857142857,3.1208339103013216,1.044616611306249,0.9580996932741307,1.0429226637419562,0.9577680669178928
MED00182,Human normal immunoglobulin 250IU,Human normal immunoglobulin,Blood Product/Coagulation,Injection,517.73,1.0,520.96,23,11876.04,5,0.4107142857142857,0.16428571428571428,1.014268588537994,0.9923102454320566,0.9714639342282902,1.0089435556420114
MED00183,Hydrochlorothiazide 10mg,Hydrochlorothiazide,Cardiac/Antihypertensive,Injection,139.31,0.979381443298969,144.04,1554,224506.57,96,27.75,21.16062374562452,0.9948138695495415,1.0226563074857404,0.9691248024497872,1.000646073450969
MED00184,Hydrocortisone 5mg,Hydrocortisone,Hormone/Endocrine,Tablet,177.31,0.8611111111111112,182.77499999999998,561,102808.75,36,10.017857142857142,6.374741740834492,0.9998637402344541,0.9388634949429538,1.0136852219907473,1.0368423091220296
MED00185,Hydrogen Peroxide 10% w/v,Hydrogen Peroxide,Antiseptic/Disinfectant,Solution,22.9,0.17857142857142858,23.55,96,2280.71,28,1.7142857142857142,2.4582540194669016,0.9470957934623686,0.8850988690709162,1.3539893940312402,0.9035608573416933
MED00186,Hydroxocobalamine 250mg,Hydroxocobalamine,General/Other,Capsule,56.2,0.5555555555555556,57.81,95,5477.18,27,1.6964285714285714,1.6401091118245736,1.0483730218348564,0.9569532558704993,1.0400008417940796,0.9551880409134955
MED00187,Hydroxychloroquine 250mg,Hydroxychloroquine,Antimalarial,Tablet,99.89,0.9210526315789473,103.005,144,14792.18,37,2.5714285714285716,2.2195047090953643,0.978999987515071,0.8921275800449301,1.2175325215213493,0.9597238197185214
MED00188,Hydroxypropyl methylcellulose 500mg,Hydroxypropyl methylcellulose,General/Other,Tablet,48.86,0.6714285714285714,50.335,226,11400.050000000001,69,4.035714285714286,4.260564906266703,1.0437297167529929,0.9542679859002877,1.0580894141800423,0.9590871132422841
MED00189,Hydroxyurea 50mg,Hydroxyurea,Antineoplastic (Oncology),Tablet,2524.53,1.0,2594.38,11,28552.03,8,0.19642857142857142,0.12815836740300368,0.9855910740292192,0.9397271837803969,1.0083300396870205,1.0575161962548214
MED00190,Hyoscine butylbromide 5ml,Hyoscine butylbromide,General/Other,Tablet,26.93,0.7555555555555555,27.35,153,4244.35,45,2.732142857142857,2.587301322953774,1.0466439303565407,0.9573513528043677,1.0706321596411472,0.9539932593794608
MED00191,Ibuprofen 75mg,Ibuprofen,NSAID,Tablet,12.84,0.4298245614035088,13.2,704,9336.13,225,12.571428571428571,11.827318806884886,1.0301363237106995,0.9301561935783997,1.0369557225332393,0.9957470569171007
MED00192,Ifosfamide 10mg,Ifosfamide,Antineoplastic (Oncology),Tablet,4068.31,1.0,4205.92,10,41902.31,8,0.17857142857142858,0.1706163605961037,0.9861017275017545,0.939434604904632,1.0081886171602827,1.0577500972685947
MED00193,Imatinib 100mg,Imatinib,Antineoplastic (Oncology),Injection,4081.76,1.0,4299.56,1,4299.56,1,0.017857142857142856,0.007142857142857143,0.9855309239845436,0.939434604904632,1.0094630467147954,1.0575835901092465
MED00194,Insulin 40IU/ml,Insulin,Antidiabetic,Tablet,161.94,0.8620689655172413,165.05,484,80122.52,29,8.642857142857142,8.441130445224779,0.9613164216178095,0.9871400744852343,1.0433412820759473,1.0144669993834263
MED00195,Insulin Glargine 5mg,Insulin Glargine,Antidiabetic,Tablet,91.37,0.9583333333333334,93.755,407,38512.21,24,7.267857142857143,6.485068549035166,0.9599104347087932,0.9906579382522559,1.0480933152126712,1.0137562455592106
MED00196,Insulin Intermediate Acting 5mg,Insulin Intermediate Acting,Antidiabetic,Tablet,93.81,0.9259259259259259,95.25,500,47752.909999999996,26,8.928571428571429,10.321368678192327,0.9594488487458036,0.9870833637531867,1.0592686582263695,1.0149057008958748
MED00197,Insulin Premix Injection 30:70 500mg,Insulin Premix Injection 30:70,Antidiabetic,Tablet,184.23,0.9333333333333333,190.285,487,93045.7,29,8.696428571428571,8.634962435637176,0.9603761477820448,0.9882171193232314,1.0472440884720415,1.013793620866161
MED00198,Iohexol 250mg,Iohexol,General/Other,Syrup,72.8,0.6,75.01,76,5732.610000000001,24,1.3571428571428572,1.5005038169601117,1.0490724188541358,0.9568646788513063,1.0442264637286018,0.9556994614725169
MED00199,Ipratropium 100mcg,Ipratropium,Respiratory,Tablet,198.55,0.9583333333333334,201.755,88,17980.37,24,1.5714285714285714,1.6712871709024124,0.9711218853311617,0.8924808915328196,1.294696095200485,0.9175206312923002
MED00200,Irinotecan HCI Trihydrate 500mg,Irinotecan HCI Trihydrate,General/Other,Tablet,64.59,0.44,67.69,82,5528.0599999999995,25,1.4642857142857142,1.209330154272175,1.0482951731654921,0.9600545988017762,1.0423083067195258,0.9539147551504815
MED00201,Iron sucrose 60mg,Iron sucrose,Vitamin/Supplement,Tablet,48.52,0.13636363636363635,49.915000000000006,503,25204.29,150,8.982142857142858,8.024916798810732,0.8552459673770889,1.1602818483263686,1.1055807864449267,0.8897495823402674
MED00202,Isoflurane 250mg,Isoflurane,General/Other,Syrup,15.89,0.6071428571428571,16.52,89,1464.3,28,1.5892857142857142,1.2030088203181974,1.0497320413083997,0.9575149353223006,1.0576516490131946,0.9537878720584998
MED00203,Isoniazid 125mg/5ml,Isoniazid,Antibiotic,Tablet,41.67,0.85,43.230000000000004,143,6170.2,40,2.5535714285714284,2.8275912395581466,0.9751640900216817,0.8771537981386636,1.2734179709194366,0.921241371395855
MED00204,Isosorbide dinitrate 5ml,Isosorbide dinitrate,General/Other,Syrup,72.9,0.6333333333333333,74.82499999999999,108,8114.900000000001,29,1.9285714285714286,1.1558802383465163,1.0502139074103918,0.9581931226984317,1.0404428811733404,0.953906929000549
MED00205,Ispaghula 250mg,Ispaghula,General/Other,Capsule,52.45,0.6025641025641025,54.115,789,42744.87,232,14.089285714285714,12.087954027116886,1.0563361240328835,0.9676310211303543,0.999652873809349,0.9499666660587328
MED00206,Itraconazole 150mg,Itraconazole,Antifungal,Cream,21.2,0.65,21.655,62,1370.3400000000001,20,1.1071428571428572,1.0887448857826107,1.0445553513014016,0.850948837514754,1.2386053284995004,0.9520078362213995
MED00207,IUD containing Copper 250mg,IUD containing Copper,General/Other,Tablet,17.1,0.7777777777777778,17.235,104,1832.8,36,1.8571428571428572,1.8928119213887342,1.0501271783872157,0.9566107747057758,1.0435192951955143,0.9545915047052668
MED00208,Ivermectin 5ml,Ivermectin,General/Other,Tablet,56.45,0.631578947368421,58.08,700,40746.44,207,12.5,11.654262022108181,1.0410117425113834,0.9722339415478887,0.9918455236767201,0.9570892810350022
MED00209,Japanese Encephalitis Vaccine 0.5ml,Japanese Encephalitis Vaccine,Vaccine/Immunological,Injection,54.3,0.9743589743589743,55.63,135,7589.37,38,2.4107142857142856,3.340926936274263,0.9691182348815299,1.0393016586456836,1.030866576466292,0.9865213251492897
MED00210,Ketamine 1%,Ketamine,Anesthetic,Injection,69.22,0.95,71.72999999999999,65,4656.97,20,1.1607142857142858,1.9551210287302188,1.0478502198959827,0.9919114920683042,0.9390708594273202,1.0069533958802441
MED00211,Labetalol 250mg,Labetalol,General/Other,Syrup,48.41,0.37142857142857144,50.18,127,6384.2699999999995,35,2.267857142857143,2.760855961360478,1.049087829989998,0.9592209400696571,1.051942717329507,0.9540404962640904
MED00212,Lactulose 5ml,Lactulose,Gastrointestinal,Sachet,64.74,0.4722222222222222,66.545,114,7615.07,34,2.0357142857142856,1.1818070969037957,0.8607266560409939,1.135411600202655,1.088372048316083,0.9280419436628523
MED00213,Lamivudine 300mg,Lamivudine,Antiretroviral (ART Program),Tablet,242.11,1.0,250.68,95,23523.300000000003,6,1.6964285714285714,0.6785714285714286,0.9635477281807487,1.0279214068372815,0.9912404929597628,1.0111766236801076
MED00214,L-Asparaginase 5ml,L-Asparaginase,General/Other,Syrup,25.7,0.5775401069518716,26.7,611,16264.97,186,10.910714285714286,11.246590897054453,1.058814274697835,0.9488434656584152,1.089751151805617,0.9492295700243194
MED00215,Latanoprost 250mg,Latanoprost,General/Other,Tablet,59.85,0.6086956521739131,62.035,140,8678.42,45,2.5,2.1973484797306133,1.0484304652585077,0.9595965802785892,1.0439734305932662,0.9536074028498105
MED00216,Lenalidomide 10mg,Lenalidomide,Antineoplastic (Oncology),Injection,1296.45,0.5,1313.805,3,3968.59,2,0.05357142857142857,0.02142857142857143,0.9854054518065617,0.9395379572102197,1.0094448137292937,1.0575835901092465
MED00217,Letrozole 50mg,Letrozole,Antineoplastic (Oncology),Tablet,1666.68,1.0,1743.17,11,19099.77,7,0.19642857142857142,0.17762671091502863,0.9864492303436054,0.9393372914270537,1.0095372769028401,1.0575835901092465
MED00218,Leuprolide acetate 5ml,Leuprolide acetate,General/Other,Capsule,62.25,0.631578947368421,63.49,297,19022.87,94,5.303571428571429,4.890821763999101,1.0434779853062808,0.9528012303608091,1.0832697964478717,0.9574904376631014
MED00219,Levetiracetam 200mg,Levetiracetam,Antiepileptic,Tablet,68.47,0.925,71.78999999999999,669,47583.54,40,11.946428571428571,13.999911755225506,1.0132641021676196,0.9874128267246528,0.9543081253127376,1.0322904017755052
MED00220,Levodopa + Carbidopa 500mg,Levodopa + Carbidopa,General/Other,Syrup,69.45,0.7804878048780488,71.89,109,7800.51,41,1.9464285714285714,2.015775094303777,1.046958899017195,0.958276112165884,1.0507566668342194,0.9544354407471023
MED00221,Levofloxacin 125mg/5ml,Levofloxacin,Antibiotic,Syrup,123.51,0.9666666666666667,126.76,213,27107.79,59,3.8035714285714284,3.2278627182449853,0.9802952969500337,0.8807464090312028,1.2306364144891477,0.9194681490913599
MED00222,Levonorgestrel 0.75mg,Levonorgestrel,Reproductive/Hormonal Health,Tablet,120.14,0.6666666666666666,125.85,30,3742.69,9,0.5357142857142857,0.32128083206529134,1.1573428438178792,1.018267585298668,0.934622084402133,0.9421102813177233
MED00223,Levothyroxine 5mg,Levothyroxine,Hormone/Endocrine,Injection,32.33,1.0,33.045,655,21540.54,38,11.696428571428571,9.236027789098735,0.9980409972211495,0.9390988270219987,1.02030598477568,1.036091140141212
MED00224,Lignocaine 5ml,Lignocaine,General/Other,Syrup,35.74,0.76,37.18,72,2679.39,24,1.2857142857142858,0.7543961785498239,1.0492182954136817,0.9573517461827755,1.0411874416477427,0.9544220475029609
MED00225,Lignocaine + Adrenaline 250mg,Lignocaine + Adrenaline,General/Other,Syrup,28.56,0.6666666666666666,29.68,256,7575.93,75,4.571428571428571,5.199331364543334,1.0530587801447182,0.9553185968680616,1.082841872257978,0.9513616176620493
MED00226,Linezolid 125mg/5ml,Linezolid,Antibiotic,Injection,55.26,0.9743589743589743,56.99,129,7401.84,39,2.3035714285714284,2.1842099420197423,0.9751149285939529,0.8771268050107719,1.26704434929299,0.9212176299110203
MED00227,Lithium 10mg,Lithium,Neuro/Psychiatric,Tablet,117.03,0.9166666666666666,121.74,937,113548.65000000001,59,16.732142857142858,20.76461096404295,1.0193560653730795,0.948049673371548,1.0837312956001457,0.9836647118456834
MED00228,Loperamide 1 sachet,Loperamide,Gastrointestinal,Syrup,40.23,0.5238095238095238,41.39,63,2658.94,21,1.125,1.8413052610160567,0.8604718405056759,1.1297484796174526,1.1140617687796637,0.928440007626085
MED00229,Lopinavir + Ritonavir 600mg,Lopinavir + Ritonavir,Antiretroviral (ART Program),Tablet,316.53,1.0,316.96500000000003,35,11014.6,2,0.625,0.25,0.9636990001127096,1.02777010959583,0.9918309197045074,1.011149905931759
MED00230,Lorazepam 5mg,Lorazepam,Neuro/Psychiatric,Tablet,79.43,0.8823529411764706,81.96,900,73486.55,51,16.071428571428573,11.936982668040972,1.0210594280152934,0.9490028652901794,1.043858156195637,0.9851855571635314
MED00231,Magnesium sulphate 250mg,Magnesium sulphate,General/Other,Syrup,65.64,0.6,67.71,36,2469.77,14,0.6428571428571429,0.7825929038382737,1.0480566821797712,0.9582980437786955,1.04672176443599,0.9542626268379785
MED00232,Mannitol 250mg,Mannitol,General/Other,Tablet,45.18,0.48148148148148145,46.975,188,8821.26,52,3.357142857142857,2.0285484329352155,1.0491330103296745,0.9606563420338611,1.0208675684363708,0.9551322237211965
MED00233,Measles vaccine 1ml,Measles vaccine,Vaccine/Immunological,Injection,540.37,1.0,569.54,25,14228.68,8,0.44642857142857145,0.42399327503453,0.9707799584541481,1.0414999729287704,1.0186542217120307,0.9859731500821123
MED00234,Mebendazole 250mg,Mebendazole,General/Other,Syrup,44.48,0.5263157894736842,46.48,74,3386.18,18,1.3214285714285714,1.8005285193342355,1.048069937662734,0.9571676472604607,1.0613565581763376,0.9542864355590328
MED00235,Medroxyprogesterone acetate 5mg,Medroxyprogesterone acetate,Hormone/Endocrine,Tablet,51.12,0.9525862068965517,52.81,4102,216317.99,228,73.25,67.97236267615793,0.9990575225426325,0.940820674694939,1.0407949557427665,1.031509886053399
MED00236,Mefenamic acid 1% w/w,Mefenamic acid,NSAID,Gel,45.57,0.375,46.5,138,6480.91,40,2.4642857142857144,2.260709988749508,1.0345210934099698,0.9334013935684962,1.0588270978374472,0.9891946838636658
MED00237,Mefloquine 60mg/ml,Mefloquine,Antimalarial,Tablet,40.88,0.9320388349514563,42.27,319,13546.7,100,5.696428571428571,6.673658073347322,0.9697479349938423,0.8989657188445838,1.2627737399891454,0.9585393734218189
MED00238,Meglumine diatrizoate 250mg,Meglumine diatrizoate,General/Other,Tablet,11.7,0.75,12.114999999999998,96,1170.28,32,1.7142857142857142,1.6361226360468333,1.0485526072023026,0.9581778562503446,1.0521793076103554,0.9538125695184404
MED00239,Melphalan 5ml,Melphalan,General/Other,Capsule,55.18,0.5324675324675324,56.87,236,13443.07,76,4.214285714285714,4.0086343618318026,1.0502386766755947,0.9582680396687493,1.033182340053349,0.9539539420179591
MED00240,Meropenem 250mg,Meropenem,Antibiotic,Syrup,44.22,0.9444444444444444,45.370000000000005,269,12209.67,90,4.803571428571429,4.53309298346022,0.9742739815402441,0.8804340791937634,1.2635620353048678,0.9196603983346608
MED00241,Mesna 5ml,Mesna,General/Other,Tablet,75.83,0.6363636363636364,78.41,169,13149.25,55,3.017857142857143,2.4993509642868377,1.0493765900634813,0.9554921821158142,1.044723363471036,0.9547764240165714
MED00242,Metformin 5mg,Metformin,Antidiabetic,Tablet,238.94,0.9459459459459459,244.55,682,167324.06,35,12.178571428571429,10.08582365005277,0.9605001922409262,0.9893972985447742,1.0451835577901716,1.0133528255115423
MED00243,Methotrexate 50mg,Methotrexate,Antineoplastic (Oncology),Injection,4142.43,1.0,4097.87,4,16522.33,3,0.07142857142857142,0.07792867532244335,0.9854054518065617,0.939434604904632,1.0130224696735541,1.0575835901092465
MED00244,Methylergometrine 500mg,Methylergometrine,General/Other,Tablet,35.91,0.6285714285714286,37.37,116,4324.45,35,2.0714285714285716,1.7773867541565949,1.0470815017917197,0.9585521948194159,1.0539458765416405,0.9540192543208882
MED00245,Methylprednisolone 25mcg,Methylprednisolone,Hormone/Endocrine,Tablet,17.86,0.9020618556701031,18.345,3540,65217.71,192,63.214285714285715,63.27937401671075,1.001063177886854,0.9328444361610168,1.0699153566097876,1.032187774753502
MED00246,Methylrosanilinium chloride 5ml,Methylrosanilinium chloride,General/Other,Syrup,74.98,0.6229508196721312,77.61500000000001,359,28076.7,121,6.410714285714286,6.782374292575977,1.0438499240895864,0.9625431580235769,1.054980216134707,0.9532407402145165
MED00247,Methylthioninium chloride 250mg,Methylthioninium chloride,General/Other,Tablet,39.97,0.5388127853881278,41.3,737,30496.32,215,13.160714285714286,12.175580367010372,1.0465634193830695,0.9603476530230934,1.0345384416769494,0.9550137502346623
MED00248,Metoclopramide 40mg,Metoclopramide,Gastrointestinal,Syrup,87.27,0.3125,91.14500000000001,118,10745.26,32,2.107142857142857,1.9305748708895973,0.8643587246178289,1.1302520998227927,1.1032273990520043,0.9275177680467194
MED00249,Metoprolol 2.5mg,Metoprolol,Cardiac/Antihypertensive,Injection,144.83,0.9885057471264368,149.57,1554,232753.27,87,27.75,30.521520006972484,0.9817559382378157,1.0237320712720352,1.0246365883234545,1.0011261508909477
MED00250,Metronidazole 500mg,Metronidazole,Antibiotic,Injection,155.75,0.9807692307692307,161.125,660,106193.79000000001,206,11.785714285714286,12.978856578364152,0.9673772962479967,0.8710915916452745,1.3370325188968128,0.9214770564131075
MED00251,Midazolam 5ml,Midazolam,General/Other,Tablet,30.61,0.6333333333333333,31.259999999999998,88,2772.55,30,1.5714285714285714,2.144117414517738,1.0468362275494627,0.9565606659789956,1.0557251411945494,0.9553304583542093
MED00252,Mifepristone 5mg,Mifepristone,Reproductive/Hormonal Health,Tablet,86.24,0.75,90.595,10,912.75,4,0.17857142857142858,0.3919231967042415,1.1572453346429072,1.018177330373288,0.9360531389316067,0.9421443866252646
MED00253,Miltefosine 500mg,Miltefosine,General/Other,Syrup,69.58,0.5897435897435898,71.935,232,16669.37,77,4.142857142857143,3.7997213697494527,1.0431507817578163,0.958265831126235,1.0501365465775716,0.9562388114359133
MED00254,Misoprostol 0.75mg,Misoprostol,Reproductive/Hormonal Health,Tablet,73.63,0.6,75.91,13,1020.21,5,0.23214285714285715,0.5200744218423436,1.157325518642686,1.0179643068454984,0.9362917177651338,0.9421443866252646
MED00255,Montelukast 200mcg,Montelukast,Respiratory,Syrup,62.2,0.9649122807017544,64.135,343,22105.920000000002,114,6.125,5.171910199973741,0.9699120374232985,0.8929338739100628,1.2674922192632527,0.9194494724693995
MED00256,Morphine 125mg/5ml,Morphine,Analgesic/Antipyretic,Tablet,24.49,0.0,25.24,101,2512.57,32,1.8035714285714286,1.1930525210992358,1.0442635118679433,0.9737990339907876,1.0601666865076524,0.9394548255327284
MED00257,Moxifloxacin 250mg,Moxifloxacin,Antibiotic,Capsule,169.47,0.90625,175.905,288,50435.37,95,5.142857142857143,4.8973740651699895,0.9826054123415605,0.8790945084344923,1.2498982441876216,0.9177192837627525
MED00258,Mupirocin 500mg,Mupirocin,General/Other,Syrup,58.72,0.7058823529411765,60.455,148,8963.01,33,2.642857142857143,2.818767764658241,1.0475970600612121,0.9585578816849765,1.0501668045834236,0.9538360151632588
MED00259,Mycophenolate mofetil 5ml,Mycophenolate mofetil,General/Other,Syrup,49.9,0.6111111111111112,51.545,130,6710.11,36,2.3214285714285716,2.825538506232539,1.0471424268352465,0.9585896574632302,1.0543145548239696,0.954031931009442
MED00260,N-acetylcysteine 600mg,N-acetylcysteine,Antidote/Emergency,Tablet,51.38,1.0,52.894999999999996,27,1428.8999999999999,10,0.48214285714285715,0.6445263324357587,1.0086530258694826,0.9665751979473877,0.9963043979595482,1.0236984330948262
MED00261,Naloxone 600mg,Naloxone,Antidote/Emergency,Tablet,165.3,1.0,170.175,44,7499.64,12,0.7857142857142857,0.36475101263186704,1.0088078154643434,0.9662407509188683,0.9907798356216744,1.0243474170860398
MED00262,Natamycin 1g,Natamycin,Antibiotic,Capsule,178.36,0.9393939393939394,184.755,179,32990.21,65,3.1964285714285716,3.3726431361522753,0.9733287973678476,0.8815455758227363,1.2416002711786893,0.9214239081822054
MED00263,Neostigmine 250mg,Neostigmine,General/Other,Syrup,19.81,0.5873015873015873,20.43,202,4137.7,62,3.607142857142857,3.866024925363263,1.0470039832305247,0.9567982121444235,1.0523414921614325,0.9551353908898792
MED00264,Nevirapine 600mg,Nevirapine,Antiretroviral (ART Program),Tablet,200.68,0.5,200.68,0,0.0,0,0.0,0.0,0.9636334934199424,1.02777010959583,0.9915768945964315,1.011149905931759
MED00265,Nicotine replacement therapy 250mg,Nicotine replacement therapy,General/Other,Capsule,71.42,0.5692307692307692,73.30000000000001,419,30775.82,129,7.482142857142857,8.064992242449579,1.0420417670320465,0.954492050623284,1.0646404115761643,0.9579088968702254
MED00266,Nifedipine 25mg,Nifedipine,Cardiac/Antihypertensive,Tablet,113.19,0.9230769230769231,117.3,704,82557.07,39,12.571428571428571,9.080298350695244,0.991719098098419,1.0192711553898406,0.974892947111427,1.0039655414841329
MED00267,Nitrofurantoin 500mg,Nitrofurantoin,General/Other,Syrup,58.79,0.5922330097087378,60.71,333,20163.42,102,5.946428571428571,4.579004297310857,1.0525248359953168,0.9677535116907219,1.0452488838333027,0.9502732306455766
MED00268,Nitrous oxide 250mg,Nitrous oxide,General/Other,Capsule,59.17,0.6590909090909091,60.72,139,8453.95,44,2.482142857142857,2.378744962879531,1.0494599810335687,0.9580971371413537,1.0462607283586463,0.9536968673869172
MED00269,Noradrenaline 250mg,Noradrenaline,General/Other,Tablet,35.16,0.5526315789473685,36.21,115,4156.43,38,2.0535714285714284,1.6883104880375828,1.0463500354409965,0.9587490965393608,1.0382036846731522,0.9557657541046393
MED00270,Norethisterone 250mg,Norethisterone,General/Other,Syrup,30.55,0.5,31.5,132,4195.97,41,2.357142857142857,3.0780115071419387,1.0470638659904283,0.9570658889378832,1.0537879778793762,0.9548527749205213
MED00271,Nystatin 150mg,Nystatin,Antifungal,Tablet,125.22,0.6111111111111112,129.64,139,18062.91,36,2.482142857142857,2.7466602328042704,1.0449193211139343,0.8511914573506973,1.2544167658333432,0.9508206377859942
MED00272,Omeprazole 40mg,Omeprazole,Gastrointestinal,Tablet,74.43,0.3793103448275862,77.14,268,20653.9,86,4.785714285714286,4.032964448762327,0.8684767597854212,1.1282553717841843,1.0855822369728843,0.9271287854638667
MED00273,Ondansetron 1 sachet,Ondansetron,Gastrointestinal,Tablet,79.1,0.5087719298245614,81.01,193,15685.06,55,3.4464285714285716,3.562280175875804,0.8591533399513295,1.1269736589976045,1.1677381441768657,0.9280181783712794
MED00274,Oral poliomyelitis vaccine 0.5ml,Oral poliomyelitis vaccine,Vaccine/Immunological,Injection,826.25,1.0,843.65,20,16587.66,7,0.35714285714285715,0.29007449431459564,0.9707224388697524,1.039198096138675,1.0189016343182307,0.9862138150843857
MED00275,Oral rehydration salts 20mg,Oral rehydration salts,Gastrointestinal,Sachet,49.93,0.4489795918367347,51.54,520,26954.84,146,9.285714285714286,10.879399989793976,0.851009771172225,1.1428820003264284,1.1095426666361246,0.9294888367775777
MED00276,Ormeloxifene 250mg,Ormeloxifene,General/Other,Syrup,45.11,0.6216216216216216,46.68,100,4692.14,34,1.7857142857142858,1.7210351438933729,1.0462280854877026,0.9587342024713309,1.0429606107740201,0.9554456987791882
MED00277,Oxaliplatin 10mg,Oxaliplatin,Antineoplastic (Oncology),Tablet,3652.84,1.0,3811.545,11,41458.37,8,0.19642857142857142,0.1281502413927136,0.9859811454303169,0.9394770547063321,1.008495305852385,1.0575756835379468
MED00278,Oxygen 250mg,Oxygen,General/Other,Syrup,55.5,0.5660377358490566,57.1,503,28704.28,158,8.982142857142858,9.404094771818503,1.05124340154462,0.9429806279540057,1.0927104354421198,0.9578347408585216
MED00279,Oxytocin 25mcg,Oxytocin,Hormone/Endocrine,Tablet,144.86,0.921875,148.82,1166,173320.22,63,20.821428571428573,19.825426367070115,1.0000129443764822,0.9403701147823589,1.0089715893653592,1.0352599106584641
MED00280,Paclitaxel 100mg,Paclitaxel,Antineoplastic (Oncology),Tablet,3642.33,1.0,3772.09,10,36896.96,6,0.17857142857142858,0.17005130631946958,0.9854430328549324,0.939434604904632,1.0139649859702784,1.0575835901092465
MED00281,Pantoprazole 20mg,Pantoprazole,Gastrointestinal,Sachet,80.98,0.4354066985645933,83.48,707,58999.89,207,12.625,13.626954320632652,0.8449270299292841,1.1301961208541003,1.1367671594735533,0.9343944497210297
MED00282,Para-aminosalicylic acid 1 sachet,Para-aminosalicylic acid,Gastrointestinal,Sachet,35.72,0.4262295081967213,36.66,182,6699.67,61,3.25,3.355714046535957,0.8588050216082146,1.133084408910582,1.1188326527591153,0.927232997959436
MED00283,Paracetamol 650mg,Paracetamol,Analgesic/Antipyretic,Tablet,18.15,0.0,18.380000000000003,147,2730.88,42,2.625,2.880927124003289,1.046362167507794,0.9744108991683231,1.0923427665580898,0.9376813682521082
MED00284,Paromomycin 125mg/5ml,Paromomycin,Antibiotic,Tablet,30.51,0.9333333333333333,31.28,47,1476.27,15,0.8392857142857143,0.5739073544965805,0.9746125086757023,0.8788377482646104,1.2594824926421175,0.920979180342761
MED00285,Peritoneal dialysis solution 250mg,Peritoneal dialysis solution,General/Other,Syrup,50.48,0.5858585858585859,52.25,316,16465.88,98,5.642857142857143,5.7208757122385645,1.04470945233739,0.9526121426018173,1.0682117111187448,0.9574955753781011
MED00286,Permethrin 1% w/w,Permethrin,Dermatological,Lotion,28.41,0.4142857142857143,29.270000000000003,236,6931.53,70,4.214285714285714,4.520405616682694,1.034203915107025,0.9250763204853458,1.1994251235948385,0.9450443031651412
MED00287,Pheniramine 500mg,Pheniramine,General/Other,Syrup,42.59,0.6,43.64,211,9291.1,65,3.767857142857143,3.956433446481063,1.0475762995764943,0.959441782540527,1.0615318620492946,0.9530431193918799
MED00288,Phenobarbitone 100mg,Phenobarbitone,Neuro/Psychiatric,Tablet,69.69,0.9642857142857143,72.26499999999999,2456,177857.98,139,43.857142857142854,43.23793453352821,1.027040477400089,0.938440832775092,1.0819192943973444,0.9853205914145322
MED00289,Phenoxymethyl penicillin 250mg,Phenoxymethyl penicillin,Antibiotic,Injection,62.28,0.9565217391304348,64.32,297,19190.06,91,5.303571428571429,6.676053104114713,0.9730289857088508,0.8739488975347245,1.3063645438389013,0.9221601286389959
MED00290,Phenylephrine 250mg,Phenylephrine,General/Other,Syrup,51.36,0.3333333333333333,53.08,70,3703.77,21,1.25,1.6269782639643275,1.0483349376095878,0.9573268093887349,1.0647942718777972,0.9538705914820111
MED00291,Phenytoin 10mg,Phenytoin,Neuro/Psychiatric,Tablet,13.36,0.8947368421052632,13.594999999999999,785,10726.49,38,14.017857142857142,6.7537290968818375,1.0248782911043721,0.9477867813104172,1.046585035132795,0.9837044709570981
MED00292,Phytomenadione 500mg,Phytomenadione,Vitamin/Supplement,Syrup,12.24,0.21428571428571427,12.565000000000001,94,1182.92,28,1.6785714285714286,1.3372185503611718,0.8598784670890292,1.1612981970012848,1.126481358584588,0.8858300297316529
MED00293,Pilocarpine 1%,Pilocarpine,Ophthalmic,Eye Drop,94.03,0.6097560975609756,97.625,229,22326.03,81,4.089285714285714,5.315240407164988,1.0695591175868644,0.9250981116283763,1.195806159480461,0.9392138482121577
MED00294,Piperacillin + Tazobactam 250mg,Piperacillin + Tazobactam,Antibiotic,Tablet,74.43,1.0,76.695,48,3699.84,14,0.8571428571428571,0.9368773044859972,0.9745513291695013,0.8783269412991834,1.2625834078483726,0.9209192547286525
MED00295,Platelet rich plasma / Platelet concentrates 250IU,Platelet rich plasma / Platelet concentrates,Blood Product/Coagulation,Injection,555.77,1.0,580.95,14,8098.22,5,0.25,0.30581714536760324,1.0141158006339324,0.9925857769388481,0.9717363421924183,1.0089168151188908
MED00296,Podophyllin resin 500mg,Podophyllin resin,General/Other,Syrup,46.56,0.5662650602409639,48.03,255,12285.95,80,4.553571428571429,5.042604437339674,1.0465977739615824,0.9595856451453679,1.0555151725745089,0.9534401614752965
MED00297,Potassium chloride 250mg,Potassium chloride,General/Other,Tablet,63.9,0.5658914728682171,65.87,404,26602.67,128,7.214285714285714,7.1164813478207565,1.0546043294177325,0.9524238915742518,1.04000053309701,0.9552729383082449
MED00298,Potassium permanganate 250mg,Potassium permanganate,General/Other,Syrup,25.11,0.75,25.965,115,3011.31,39,2.0535714285714284,2.9286165709738965,1.0475829120562414,0.95646640053801,1.067773734704967,0.9540822667120689
MED00299,Povidone iodine 300mg/ml,Povidone iodine,Diagnostic/Contrast Agent,Suspension,536.02,1.0,568.3,17,9595.82,6,0.30357142857142855,0.22214957785102157,1.0008949426221183,1.0169035222750407,0.9928415486693403,0.994863525356713
MED00300,Pralidoxime chloride 250mg,Pralidoxime chloride,General/Other,Syrup,15.97,0.5357142857142857,16.355,100,1635.88,28,1.7857142857142858,1.6170748414940834,1.0494354224587052,0.9570434962455769,1.0522944632016316,0.9542143609356548
MED00301,Praziquantel 250mg,Praziquantel,General/Other,Syrup,13.62,0.5116279069767442,14.02,364,5100.84,128,6.5,5.794079994073444,1.0614513623844892,0.9537032957686544,1.0331613504117267,0.9516641536913313
MED00302,Prednisolone 50mcg,Prednisolone,Hormone/Endocrine,Injection,113.3,0.9666666666666667,115.6,495,57634.97,29,8.839285714285714,6.727309555338946,0.9987418035015658,0.9426954602878492,1.0182995415901237,1.034205523781973
MED00303,Primaquine 500mg,Primaquine,Antimalarial,Tablet,69.47,0.9534883720930233,71.45,140,9999.38,42,2.5,2.5555976759220416,0.975359826805661,0.892396520896895,1.2213954992403948,0.9614732946523861
MED00304,Procaine Benzylpenicillin 250mg,Procaine Benzylpenicillin,Antibiotic,Tablet,120.18,0.8556701030927835,124.25,299,37094.79,94,5.339285714285714,4.908034842625959,0.9716352901627481,0.8826263565517013,1.280515700520091,0.9194545831574538
MED00305,Proparacaine 500mg,Proparacaine,General/Other,Syrup,60.83,0.5,62.21,94,5861.47,32,1.6785714285714286,1.1511614160926429,1.0487534409302566,0.9567081076413607,1.0422467537116837,0.9551707271592492
MED00306,Propofol 1%,Propofol,Anesthetic,Injection,293.36,1.0,297.68,10,3043.7000000000003,3,0.17857142857142858,0.07142857142857144,1.046621600298959,0.9925732085321588,0.9344489307611785,1.0073155322990677
MED00307,Propranolol 5mg,Propranolol,Cardiac/Antihypertensive,Tablet,81.31,0.9368421052631579,84.08,1637,137769.77,93,29.232142857142858,33.844239186430215,0.9823058138966735,1.0213763260415782,1.0247667597149364,1.002027959832756
MED00308,Protamine Sulphate 1mg,Protamine Sulphate,Antidote/Emergency,Injection,101.05,1.0,105.99,34,3591.77,11,0.6071428571428571,0.5957147227890593,1.010506869662629,0.9660782510252808,0.991901605365916,1.0238143691722705
MED00309,Pyrazinamide 500mg,Pyrazinamide,Antibiotic,Tablet,146.21,0.9193548387096774,149.5,206,30792.5,62,3.6785714285714284,3.293417205982946,0.9744663212992947,0.8789123312100202,1.2349143992055192,0.9222550085059796
MED00310,Pyridoxine 500mg,Pyridoxine,Vitamin/Supplement,Tablet,26.25,0.22950819672131148,26.94,211,5733.74,61,3.767857142857143,3.3092066200165964,0.8625325309258749,1.1602300788366644,1.109838642341164,0.8847665029096401
MED00311,Quinine 60mg/ml,Quinine,Antimalarial,Injection,58.29,1.0,60.26,235,14106.0,68,4.196428571428571,4.2655870316579,0.9755710490877244,0.8922238417318853,1.2756011197083206,0.9580191716672504
MED00312,Rabies vaccine 0.5ml,Rabies vaccine,Vaccine/Immunological,Injection,116.69,1.0,119.01,17,2023.35,7,0.30357142857142855,0.4625115427446816,0.970888864628334,1.0392774812945849,1.0261432831122657,0.9859731500821123
MED00313,Raltegravir 600mg,Raltegravir,Antiretroviral (ART Program),Tablet,47.86,1.0,50.35,14,704.9,1,0.25,0.8054264893788315,0.9636334934199424,1.02777010959583,0.9923075055154083,1.011149905931759
MED00314,Ramipril 10mg,Ramipril,Cardiac/Antihypertensive,Injection,144.7,1.0,149.6,560,83956.01,31,10.0,8.26179379780161,0.9827284637973603,1.022265768875256,0.9855005190928089,1.0043078969172625
MED00315,Red blood cells / Packed RBCs 5ml,Red blood cells / Packed RBCs,General/Other,Capsule,68.52,0.5538461538461539,70.47,577,40792.33,190,10.303571428571429,9.241111162191151,1.0465387177272742,0.962285706278089,1.0645191187893974,0.9506650300166744
MED00316,Ribavirin 5ml,Ribavirin,General/Other,Capsule,58.72,0.41379310344827586,60.705,171,10367.76,58,3.0535714285714284,2.504131052822524,1.0455978211999042,0.9630239310406953,1.0524654154663469,0.9528711642965204
MED00317,Riboflavin 500mg,Riboflavin,General/Other,Tablet,38.63,0.6153846153846154,40.2,129,5163.49,39,2.3035714285714284,2.632211464281545,1.0473949126328654,0.9580430633000279,1.0521498709858175,0.9540531412154071
MED00318,Rifampicin 250mg,Rifampicin,Antibiotic,Syrup,43.59,0.9,44.72,146,6643.96,38,2.607142857142857,3.708201260483742,0.9737513385627288,0.8779756602870226,1.2756326575300105,0.92074050366552
MED00319,Ringer lactate 500mg,Ringer lactate,General/Other,Capsule,20.95,0.6098654708520179,21.73,692,14999.57,220,12.357142857142858,10.680537351893904,1.0411282597717986,0.9590222897060342,1.0457187890238444,0.9576401273693845
MED00320,Risperidone 100mg,Risperidone,Neuro/Psychiatric,Tablet,37.53,1.0,38.89,429,16783.97,24,7.660714285714286,8.231311466872462,1.0213167600700215,0.9488559143475037,1.0644421497699244,0.983790123424174
MED00321,Ritonavir 300mg,Ritonavir,Antiretroviral (ART Program),Tablet,210.26,1.0,223.52,60,13371.900000000001,3,1.0714285714285714,1.939838581207899,0.9636917820129947,1.02777010959583,0.9925445659182002,1.011149905931759
MED00322,Rituximab 10mg,Rituximab,Antineoplastic (Oncology),Injection,3301.3,1.0,3361.99,8,26823.379999999997,5,0.14285714285714285,0.05714285714285714,0.9854195084062655,0.9398014054891409,1.0090158069215158,1.0575835901092465
MED00323,Rotavirus vaccine 0.5ml,Rotavirus vaccine,Vaccine/Immunological,Injection,611.17,1.0,633.735,51,32261.059999999998,18,0.9107142857142857,1.3414838034010887,0.9711864371616361,1.0390893374363612,1.023333969988897,0.9858515870508737
MED00324,Salbutamol 200mcg,Salbutamol,Respiratory,Syrup,83.19,0.9473684210526315,84.95,63,5398.72,18,1.125,1.1883193937026573,0.9712047971023939,0.8923165901847377,1.286706008406157,0.918168762412172
MED00325,Salicylic acid 5ml,Salicylic acid,General/Other,Capsule,76.84,0.6258992805755396,78.98,454,35743.8,136,8.107142857142858,7.322184226497715,1.0475036785243663,0.9606824692796696,1.0908661915946745,0.9488939256865228
MED00326,Sevoflurane 5ml,Sevoflurane,General/Other,Tablet,61.65,0.5604395604395604,63.02,602,38086.84,178,10.75,9.350021809767782,1.05386112679997,0.9530282180582165,1.029698523270163,0.9559094266415895
MED00327,Silver sulphadiazine 250mg,Silver sulphadiazine,General/Other,Tablet,48.8,0.5737704918032787,50.09,198,9851.94,61,3.5357142857142856,2.532629951539393,1.0477145631562987,0.9639951053159664,1.028305920209379,0.9534470333419963
MED00328,Snake Venom Antiserum 250mg,Snake Venom Antiserum,General/Other,Capsule,52.82,0.6875,54.355000000000004,271,14755.99,80,4.839285714285714,5.0869259293599765,1.052335562962028,0.9575469516897885,1.047216237174782,0.9526388451809866
MED00329,Sodium bicarbonate 250mg,Sodium bicarbonate,General/Other,Capsule,39.37,0.5612244897959183,40.504999999999995,659,26727.44,195,11.767857142857142,10.313943854902206,1.0494104950604743,0.9413834276329617,1.0522934561718567,0.963998834090436
MED00330,Sodium chloride 5ml,Sodium chloride,General/Other,Tablet,27.34,0.5915492957746479,28.34,283,7997.51,70,5.053571428571429,5.641684421403777,1.049167363628126,0.957963480504899,1.077271928177869,0.9521467234875052
MED00331,Sodium nitrite 250mg,Sodium nitrite,General/Other,Capsule,34.92,0.5,36.185,78,2807.16,26,1.3928571428571428,1.5072520559438716,1.047252480047608,0.9564100141693032,1.0525105969523765,0.955615008428235
MED00332,Sodium nitroprusside 250mg,Sodium nitroprusside,General/Other,Tablet,63.05,0.6666666666666666,64.55,192,12496.23,63,3.4285714285714284,2.8555391630920663,1.0448197125937,0.9609461069660463,1.0443965622957057,0.9549976127813175
MED00333,Sodium thiosulphate 500mg,Sodium thiosulphate,General/Other,Syrup,11.01,0.44680851063829785,11.27,165,1880.83,47,2.9464285714285716,4.286393089754876,1.0482355618741073,0.9560922614734971,1.0940138690922478,0.9530779631859733
MED00334,Sodium Valproate 25mg,Sodium Valproate,Neuro/Psychiatric,Tablet,22.77,0.8333333333333334,23.455,656,15309.67,35,11.714285714285714,8.432594470493045,1.0217822513596606,0.948644932614176,1.0542103844276605,0.9839870545302364
MED00335,Sofosbuvir 300mg,Sofosbuvir,Antiviral,Capsule,56.56,1.0,58.45,344,20162.3,105,6.142857142857143,6.430087161408148,0.9628063996564004,1.0314868689533412,0.9187141123728861,1.049320543691978
MED00336,Somatostatin 500mg,Somatostatin,General/Other,Syrup,12.85,0.5882352941176471,13.19,595,7887.44,186,10.625,10.367365366179538,1.0311431322873177,0.9538398761964222,1.0788958325897544,0.964644610688831
MED00337,Spironolactone 2.5mg,Spironolactone,Cardiac/Antihypertensive,Injection,129.48,0.983957219251337,133.63,3289,439264.7,185,58.732142857142854,57.02561440810368,0.9759306437510126,1.020032159463183,1.0243714743851515,1.005409383881568
MED00338,Streptokinase 2.5mg,Streptokinase,Cardiac/Antihypertensive,Injection,107.92,1.0,110.12,631,69799.32,36,11.267857142857142,6.544261802332203,0.9828023945197841,1.0207347361249668,0.9817787050299631,1.0058294907869305
MED00339,Streptomycin 125mg/5ml,Streptomycin,Antibiotic,Syrup,93.24,0.9166666666666666,95.69,81,7691.22,23,1.4464285714285714,0.9745952487850167,0.9755099959400809,0.8778983772634582,1.2625503176307284,0.9207433174227748
MED00340,Succinylcholine 2%,Succinylcholine,Anesthetic,Injection,51.9,0.967741935483871,53.08,109,5794.33,31,1.9464285714285714,0.8869203404456321,1.0457917882399503,0.9968299043916296,0.9229442019325782,1.0073520065739585
MED00341,Sulfasalazine 250mg,Sulfasalazine,General/Other,Syrup,44.41,0.6218487394957983,45.81,364,16740.74,116,6.5,6.5369246261291565,1.0588062055087986,0.9618602508398284,1.0033212151901671,0.9510221775046012
MED00342,Sumatriptan 250mg,Sumatriptan,General/Other,Tablet,43.14,0.6060606060606061,45.08,100,4439.24,33,1.7857142857142858,1.7971298540189398,1.0477462222035931,0.9566024755172496,1.0620180299293298,0.9543426670727881
MED00343,Surfactant 5ml,Surfactant,General/Other,Capsule,22.12,0.639344262295082,22.84,601,13801.82,180,10.732142857142858,10.89845687515435,1.0471222362116055,0.962243716567006,1.052137622874558,0.9513888828524438
MED00344,Tacrolimus 25mg,Tacrolimus,Immunosuppressant,Tablet,250.89,1.0,259.095,311,80739.31,20,5.553571428571429,5.824279171855563,0.9745729711002719,1.1029672373403951,1.026964592859192,0.970006890055073
MED00345,Tamoxifen 100mg,Tamoxifen,Antineoplastic (Oncology),Injection,1973.72,1.0,2002.0700000000002,3,6004.780000000001,2,0.05357142857142857,0.02142857142857143,0.9854876045802002,0.939453852284389,1.0094630467147954,1.0575835901092465
MED00346,Telmisartan 500mg,Telmisartan,General/Other,Syrup,53.11,0.6935483870967742,54.82,198,10772.61,62,3.5357142857142856,2.4833152237356595,1.0466451234876424,0.960236512235947,1.0289706600952393,0.9555121907933414
MED00347,Temozolomide 50mg,Temozolomide,Antineoplastic (Oncology),Tablet,2967.39,0.8,3167.05,10,31087.53,5,0.17857142857142858,0.17053089166451538,0.9854428542465918,0.939410910907207,1.0090581104652128,1.0576359100550081
MED00348,Tenecteplase 250mg,Tenecteplase,General/Other,Syrup,13.17,0.4230769230769231,13.620000000000001,75,1018.23,26,1.3392857142857142,1.0630782857626095,1.0473956590188467,0.9577636982793503,1.0429229146274714,0.9552148932009552
MED00349,Teneligliptin 250mg,Teneligliptin,General/Other,Syrup,36.22,0.38095238095238093,37.275000000000006,120,4471.36,42,2.142857142857143,2.1038602440202787,1.048167073998584,0.9587722669069467,1.0427383252077937,0.9541755937276061
MED00350,Tenofovir + Lamivudine 300mg,Tenofovir + Lamivudine,Antiretroviral (ART Program),Tablet,234.02,1.0,235.965,124,29326.32,6,2.2142857142857144,1.8943490798466804,0.9635645256431549,1.0284322894679887,0.9914391272414687,1.011149905931759
MED00351,Tenofovir + Lamivudine + Dolutegravir 300mg,Tenofovir + Lamivudine + Dolutegravir,Antiretroviral (ART Program),Tablet,195.97,1.0,197.54500000000002,30,5926.35,2,0.5357142857142857,0.2142857142857143,0.963670147925814,1.02777010959583,0.9915768945964315,1.0112009456078832
MED00352,Tenofovir + Lamivudine + Efavirenz 600mg,Tenofovir + Lamivudine + Efavirenz,Antiretroviral (ART Program),Tablet,305.51,1.0,303.04,15,4545.6,1,0.26785714285714285,0.10714285714285715,0.9636334934199424,1.02777010959583,0.9923075055154083,1.011149905931759
MED00353,Tenofovir Alafenamide Fumarate 300mg,Tenofovir Alafenamide Fumarate,Antiretroviral (ART Program),Tablet,244.2,1.0,243.485,44,10781.58,2,0.7857142857142857,0.3142857142857143,0.9636334934199424,1.0278353631038557,0.9915768945964315,1.0111698027589684
MED00354,Tenofovir Disproxil Fumarate 600mg,Tenofovir Disproxil Fumarate,Antiretroviral (ART Program),Tablet,90.51,1.0,90.85,59,5432.72,5,1.0535714285714286,0.9259148883402557,0.9637239232675322,1.0277630776971265,0.9911071583880647,1.0111792769064902
MED00355,Terbinafine 150mg,Terbinafine,Antifungal,Cream,29.17,0.6793478260869565,30.135,589,17742.29,181,10.517857142857142,10.253658396978436,1.0452506007879214,0.85097171173944,1.2238453620514842,0.9511342158646118
MED00356,Tetanus toxoid 250mg,Tetanus toxoid,General/Other,Tablet,54.97,0.6176470588235294,56.45,100,5724.02,33,1.7857142857142858,1.4837181363074126,1.047730533273865,0.95784164479454,1.0397274368787124,0.9549116273697118
MED00357,Thalidomide 100mg,Thalidomide,Antineoplastic (Oncology),Injection,411.35,1.0,426.31,7,2983.18,5,0.125,0.148929880421099,0.9854518700379671,0.939434604904632,1.0108169500897604,1.057576404372707
MED00358,Thiamine 60mg,Thiamine,Vitamin/Supplement,Tablet,45.15,0.21568627450980393,46.65,347,16227.21,99,6.196428571428571,4.9509811056588955,0.8633675418235843,1.166337038380564,1.092052027227396,0.8835350790937815
MED00359,Thiopentone 5ml,Thiopentone,General/Other,Capsule,75.82,0.6756756756756757,78.35,117,9170.31,36,2.0892857142857144,1.8952495292292626,1.0474928214944983,0.9557189387109415,1.0381910434152077,0.9586754869958717
MED00360,Timolol 1%,Timolol,Ophthalmic,Eye Drop,71.79,0.5833333333333334,74.35499999999999,122,9054.48,36,2.1785714285714284,2.209080547546857,1.0687177366873915,0.9280111252772141,1.1961257700549428,0.9389996252469033
MED00361,Tiotropium 5ml,Tiotropium,General/Other,Capsule,37.17,0.5,39.085,140,5475.39,39,2.5,3.1928647612161796,1.0476770252088266,0.9558497082895188,1.0716575146643663,0.9542475641239371
MED00362,Tramadol 650mg,Tramadol,Analgesic/Antipyretic,Syrup,27.52,0.03125,28.39,128,3640.13,32,2.2857142857142856,2.850054387338073,1.0443741802948066,0.9736716878937549,1.0848403681875263,0.9382755109534524
MED00363,Tranexamic acid 5ml,Tranexamic acid,General/Other,Capsule,42.08,0.6666666666666666,44.19,90,3945.83,24,1.6071428571428572,1.8783989985205145,1.0480184328656825,0.9574876450523927,1.052169939886027,0.9542641206294725
MED00364,Trastuzumab 100mg,Trastuzumab,Antineoplastic (Oncology),Tablet,2591.59,0.6666666666666666,2705.9350000000004,10,26902.850000000002,6,0.17857142857142858,0.07142857142857144,0.9855381201015876,0.9394717546202953,1.0094630467147954,1.0576853639549135
MED00365,Trihexyphenidyl 250mg,Trihexyphenidyl,General/Other,Capsule,75.9,0.5853658536585366,78.8,127,10025.25,40,2.267857142857143,2.3992044638984282,1.0483419994685494,0.9569908037028746,1.072341780497346,0.9535285416007808
MED00366,Tropicamide 250mg,Tropicamide,General/Other,Syrup,37.03,0.6358381502890174,38.19,585,22406.010000000002,173,10.446428571428571,10.176403407869367,1.0364488363889623,0.9704113888411423,1.0503795407649,0.9537425425584913
MED00367,"Tuberculin, Purified Protein derivative 500mg","Tuberculin, Purified Protein derivative",General/Other,Syrup,77.28,0.7368421052631579,79.145,130,10351.76,38,2.3214285714285716,2.121459420290875,1.047756721426156,0.9604710378192375,1.0478770921301936,0.9535365411973892
MED00368,Valganciclovir 5ml,Valganciclovir,General/Other,Tablet,73.37,0.4528301886792453,76.42,180,13737.29,53,3.2142857142857144,3.3812735887339223,1.048625136876195,0.95582214058515,1.049839055773734,0.9548856976892884
MED00369,Vancomycin 125mg/5ml,Vancomycin,Antibiotic,Capsule,47.31,0.8970588235294118,48.855000000000004,247,12017.93,68,4.410714285714286,4.3050016855479445,0.9738637484888281,0.8765161164748178,1.2988464815925709,0.9196424116293762
MED00370,Vecuronium 10mg,Vecuronium,Muscle Relaxant,Tablet,15.55,1.0,15.81,16,260.76,7,0.2857142857142857,0.41486802046111715,1.0381811664151233,0.9905125844343986,0.9980627396774874,0.980779134189998
MED00371,Verapamil 10mg,Verapamil,Cardiac/Antihypertensive,Tablet,22.31,0.9464285714285714,23.134999999999998,863,20115.86,55,15.410714285714286,15.095243220284457,0.9803778398888566,1.0242492907582106,0.9853366779641733,1.0052462321764106
MED00372,Vinblastine 100mg,Vinblastine,Antineoplastic (Oncology),Tablet,376.53,1.0,394.84,3,1182.22,3,0.05357142857142857,0.07090499469367675,0.9854054518065617,0.9395051495159004,1.0105823481234533,1.0575835901092465
MED00373,Vincristine 50mg,Vincristine,Antineoplastic (Oncology),Tablet,696.66,1.0,720.77,38,27306.61,26,0.6785714285714286,0.8632601083504242,0.9848557222091509,0.9393452942186581,1.0138020071059948,1.058440620400703
MED00374,Vitamin A 60mg,Vitamin A,Vitamin/Supplement,Tablet,50.98,0.1,52.995,89,4690.24,29,1.5892857142857142,1.8224400498687752,0.8581550149697158,1.158760411435877,1.137583796338861,0.886058148513642
MED00375,Warfarin 25mg,Warfarin,Cardiac/Antihypertensive,Tablet,18.11,0.8913043478260869,18.57,914,17056.34,46,16.321428571428573,17.075784022764704,0.9852402427577888,1.0177114124831923,0.9860425119074281,1.0058768348823761
MED00376,Water for Injection 250mg,Water for Injection,General/Other,Tablet,32.33,0.64,33.5,113,3740.94,24,2.017857142857143,2.1446393793474963,1.0475132066169408,0.9596195392085299,1.0467316936961708,0.9542764493593782
MED00377,Whole blood 250IU,Whole blood,Blood Product/Coagulation,Injection,2565.65,1.0,2634.895,52,136699.94,20,0.9285714285714286,1.1781941083828453,1.0134703134119525,0.9917223998555399,0.9916139985604547,1.0095472998572883
MED00378,Xylometazoline 500mg,Xylometazoline,General/Other,Syrup,11.63,0.6153846153846154,12.145,143,1715.45,50,2.5535714285714284,2.1141717827056343,1.0459968015241485,0.9547992571846095,1.052397295295042,0.9578142317935617
MED00379,Zidovudine 600mg,Zidovudine,Antiretroviral (ART Program),Tablet,292.49,1.0,302.735,60,18337.3,4,1.0714285714285714,2.192098140038156,0.963610713595008,1.02777010959583,0.992329738257564,1.0111952596767428
MED00380,Zidovudine + Lamivudine 600mg,Zidovudine + Lamivudine,Antiretroviral (ART Program),Tablet,127.37,1.0,129.43,29,3750.06,2,0.5178571428571429,0.20714285714285718,0.9636334934199424,1.0280816210482924,0.9915768945964315,1.011149905931759
MED00381,Zidovudine + Lamivudine + Nevirapine 300mg,Zidovudine + Lamivudine + Nevirapine,Antiretroviral (ART Program),Tablet,76.63,0.8571428571428571,78.08,114,9023.32,7,2.0357142857142856,1.3188406072369183,0.9635949064734624,1.0277229998037807,0.9909724531169205,1.0113155361767239
MED00382,Zinc Sulphate 60mg,Zinc Sulphate,Vitamin/Supplement,Syrup,51.8,0.1111111111111111,53.445,127,6810.22,35,2.267857142857143,2.3720892695800826,0.8582535187956516,1.1579738150995698,1.1263210626625595,0.8871149653018668
MED00383,Zoledronic acid 250mg,Zoledronic acid,General/Other,Syrup,54.03,0.7013888888888888,55.92,459,25567.04,143,8.196428571428571,6.9342418137416,1.0497394630960935,0.9549838293185574,1.0121262614402156,0.959035004999935
MED00384,Zolpidem 500mg,Zolpidem,General/Other,Syrup,71.42,0.4857142857142857,72.95,104,7569.33,35,1.8571428571428572,1.7375314154681019,1.0480569895796352,0.9562333765127983,1.0556219547569219,0.9549593290887202
MED00385,Dolo 650mg,Paracetamol,Analgesic/Antipyretic,Tablet,26.03,0.045584045584045586,26.87,1180,31720.04,350,21.071428571428573,20.71939306367463,1.0554013498077683,0.9673199060881973,1.0739721388763903,0.9330316630223018
MED00386,Crocin Advance 500mg,Paracetamol,Analgesic/Antipyretic,Tablet,22.45,0.05622489959839357,23.29,812,18909.27,247,14.5,13.954556495187994,1.0474292433750831,0.9900852588099872,1.048493563695997,0.9295767338444372
MED00387,Combiflam Tablet,Ibuprofen + Paracetamol,NSAID,Tablet,19.23,0.13829787234042554,19.765,1192,23639.84,372,21.285714285714285,20.735721168502977,1.0270740761046597,0.9230356975031111,1.0677960088147274,0.9974375970728276
MED00388,Ecosprin 75mg,Aspirin (low-dose),Cardiac/Antihypertensive,Tablet,10.13,0.7217847769028871,10.43,6396,66816.27,379,114.21428571428571,105.11140940004039,0.9978044629249936,1.0245442294882938,0.9078564398146005,1.0085852705098004
MED00389,Azithral 500mg,Azithromycin,Antibiotic,Tablet,115.04,0.839572192513369,119.06,563,66877.19,186,10.053571428571429,8.949068703319416,1.0001701808983279,0.8698465628341753,1.2074745396873883,0.9190179599742904
MED00390,Augmentin 625 Duo,Amoxicillin + Clavulanic acid,Antibiotic,Tablet,200.68,0.9049881235154394,206.93,1361,281772.63,418,24.303571428571427,23.52042501781156,0.967037043456387,0.8807824266932204,1.35879446544207,0.9080888284350158
MED00391,Pan-D Capsule,Pantoprazole + Domperidone,Gastrointestinal,Capsule,159.34,0.46742209631728043,164.95,1119,184416.62,347,19.982142857142858,20.20364643558745,0.8466730719833555,1.147639197730915,1.1465270314945895,0.91884312545731
MED00392,Pantocid 40mg,Pantoprazole,Gastrointestinal,Tablet,84.76,0.42857142857142855,88.05,1174,103189.06,352,20.964285714285715,21.21534426226584,0.8446125453067612,1.1422170828958909,1.122401817224548,0.9273585962762461
MED00393,Digene Gel,Antacid (Magaldrate),Gastrointestinal,Syrup,98.6,0.12601626016260162,101.755,786,80045.86,243,14.035714285714286,13.226627237244443,0.8581967446865065,1.1346481652841165,1.0903346854535234,0.9282923997132846
MED00394,Eno Sachet,Sodium Bicarbonate + Citric acid,Gastrointestinal,Sachet,17.76,0.047244094488188976,18.355,829,15229.68,252,14.803571428571429,15.429708503744557,0.8612627318356761,1.1316677697518547,1.1043006805377524,0.926257068795408
MED00395,Electral Powder,Oral Rehydration Salts,Gastrointestinal,Sachet,20.11,0.040229885057471264,20.744999999999997,1162,24165.13,345,20.75,19.65303367137225,0.8542664149404406,1.1485280755708316,1.0481779887614513,0.9290476470283751
MED00396,Glycomet 500mg,Metformin,Antidiabetic,Tablet,67.23,0.8850574712643678,69.14,3045,211538.42,174,54.375,45.37124983184545,0.9598385431669343,0.9845434231611703,1.0139175602686077,1.0203176551134845
MED00397,Amlodac 5mg,Amlodipine,Cardiac/Antihypertensive,Tablet,54.34,0.8830409356725146,56.15,2927,164225.39,168,52.267857142857146,55.47758909033976,0.9743437993331145,1.0163331316460364,1.009532817846205,1.0112722481612442
MED00398,Telma 40mg,Telmisartan,Cardiac/Antihypertensive,Tablet,98.61,0.9060052219321149,101.97,6688,682309.43,381,119.42857142857143,129.32426087265623,0.9677995658018468,1.0108857985429618,1.04840013016584,1.010862962066244
MED00399,Rosuvas 10mg,Rosuvastatin,Cardiac/Antihypertensive,Tablet,170.1,0.906801007556675,175.46,6713,1179304.38,392,119.875,115.60803937898936,0.9971261516202814,1.0188771733224657,0.9998811762938573,0.9947998810507377
MED00400,Atorva 10mg,Atorvastatin,Cardiac/Antihypertensive,Tablet,135.45,0.9297520661157025,139.445,4025,563333.87,240,71.875,71.5269786946765,0.9701988171012551,1.0505073957915825,0.9596283153374873,1.000184387848593
MED00401,Cetzine 10mg,Cetirizine,Antihistamine/Allergy,Tablet,9.75,0.08333333333333333,10.094999999999999,885,8937.44,272,15.803571428571429,16.31479879065648,1.0211144873256657,0.8660478925083482,1.3859188338036035,0.8602254716379399
MED00402,Allegra 120mg,Fexofenadine,Antihistamine/Allergy,Tablet,171.23,0.26330532212885155,176.91,1157,205140.26,354,20.660714285714285,21.142918362742243,1.0189097364247564,0.8581541516254707,1.3316631095969167,0.8690862958647187
MED00403,Zerodol-SP,Aceclofenac + Paracetamol + Serratiopeptidase,NSAID,Tablet,90.32,0.6556016597510373,93.66,850,79577.54,238,15.178571428571429,12.581575698428932,1.048641304185944,0.9425338034662645,0.983080700811886,0.9855513484024297
MED00404,Meftal Spas,Mefenamic acid + Dicyclomine,NSAID,Tablet,54.79,0.3391304347826087,56.65,330,18677.4,115,5.892857142857143,5.2618883198455695,1.0362691698757174,0.9380000791314398,1.0500059434337274,0.9859891582687089
MED00405,Volini Gel,Diclofenac (topical),NSAID,Cream,118.8,0.05660377358490566,122.36,490,59958.21,157,8.75,8.472413481958949,1.027481530281465,0.9387554153189767,1.0859917461796837,0.9860426041839212
MED00406,Moov Pain Relief Cream,Analgesic balm,NSAID,Cream,142.69,0.06030150753768844,147.10000000000002,1371,201504.99,395,24.482142857142858,25.272417248262588,1.0285080248209055,0.9187303858317477,1.1111426864122436,0.9903583109235677
MED00407,Sinarest Tablet,Paracetamol + Phenylephrine + Chlorpheniramine,Antihistamine/Allergy,Tablet,22.78,0.10831234256926953,23.59,1274,30059.08,395,22.75,23.314883434296753,1.015922106976964,0.8520204272333174,1.3190400108917677,0.8771668647952833
MED00408,Cheston Cold,Cetirizine + Phenylephrine + Paracetamol,Antihistamine/Allergy,Tablet,20.22,0.088,20.97,441,9213.99,123,7.875,8.437025433922917,1.0212218672130988,0.854398752677008,1.3712814683058139,0.8707647391144363
MED00409,Ascoril LS Syrup,Levosalbutamol + Ambroxol + Guaifenesin,Respiratory,Syrup,153.38,0.4393939393939394,158.51,663,104868.9,195,11.839285714285714,11.395112474261735,0.9730547321546607,0.8911262911163726,1.2914079856029508,0.9154364350657773
MED00410,Benadryl Cough Syrup,Diphenhydramine + Ammonium chloride,Respiratory,Syrup,85.48,0.12849162011173185,88.54,564,49985.72,174,10.071428571428571,10.72069861342233,0.9727600584909701,0.8928866323417254,1.3373923944930826,0.9123134872092974
MED00411,Zincovit Tablet,Multivitamin + Zinc,Vitamin/Supplement,Tablet,79.16,0.10336538461538461,81.815,1321,108049.56,412,23.589285714285715,22.330727941092235,0.8372956984210572,1.1930399033102514,1.1360980601901203,0.8772826575440993
MED00412,Becosules Capsule,Vitamin B-Complex + Vitamin C,Vitamin/Supplement,Capsule,43.75,0.10215053763440861,45.305,617,27879.85,184,11.017857142857142,12.022559553276807,0.8593519411735256,1.1601158575803603,1.0898943985840703,0.8885306345728435
MED00413,Shelcal 500mg,Calcium + Vitamin D3,Vitamin/Supplement,Tablet,156.54,0.15,162.04,756,122275.89,217,13.5,12.931248631972302,0.8568961034212553,1.1557127222502366,1.1352699157617512,0.887317038078533
MED00414,Calcirol Sachet,Cholecalciferol (Vitamin D3),Vitamin/Supplement,Sachet,36.47,0.4505208333333333,37.8,1195,45217.83,382,21.339285714285715,22.271282925294933,0.8538432531060686,1.1655202146829506,1.1430178401758058,0.88006602535539
MED00415,Neurobion Forte,Vitamin B1+B6+B12,Vitamin/Supplement,Tablet,40.8,0.164021164021164,42.1,681,28747.02,188,12.160714285714286,12.160936904035072,0.8601796713636919,1.1635297135386449,1.1375081231319089,0.8811988844957191
MED00416,Dexorange Syrup,Iron + Folic Acid + Vitamins,Vitamin/Supplement,Syrup,131.39,0.2506527415143603,135.62,1160,157173.56,379,20.714285714285715,19.847953387952607,0.8684336188411532,1.1490481163106765,1.1762427571115694,0.8757571650027965
MED00417,Livogen Tablet,Ferrous Fumarate + Folic Acid,Vitamin/Supplement,Tablet,32.33,0.43795620437956206,33.58,451,15145.029999999999,137,8.053571428571429,7.488571913918341,0.8496720310664487,1.160856027020542,1.0780045643641343,0.8977442692234774
MED00418,Sporlac DS,Lactobacillus (Probiotic),Gastrointestinal,Tablet,39.86,0.15,41.415,386,15964.93,118,6.892857142857143,7.960844516239851,0.8611194114594616,1.123380996508566,1.1049826405685614,0.9311920230057389
MED00419,Enterogermina Vial,Bacillus clausii (Probiotic),Gastrointestinal,Syrup,130.35,0.3269230769230769,134.01,489,65515.93,154,8.732142857142858,7.838264827159271,0.8634851679972813,1.124314287133413,1.1161208227989106,0.9285285466973534
MED00420,Betadine Ointment,Povidone Iodine (topical),Antiseptic/Disinfectant,Cream,105.14,0.04975124378109453,108.39500000000001,1322,143373.89,399,23.607142857142858,22.992151742201695,0.9595775391225779,0.8735093406934807,1.3912163368941637,0.8912698885747657
MED00421,Dettol Antiseptic Liquid,Chloroxylenol,Antiseptic/Disinfectant,Solution,161.24,0.019886363636363636,167.13,1149,192043.22,349,20.517857142857142,22.605718206168582,0.9318045242519755,0.8915066590694706,1.3369378242898553,0.9056005426525142
MED00422,Liv 52 Tablet,Herbal liver supplement,Vitamin/Supplement,Tablet,137.38,0.061046511627906974,142.45499999999998,1092,154925.04,341,19.5,19.84121511302176,0.8506965311816823,1.1584616445176141,1.1336065232518309,0.8884786309677035
MED00423,Ondem 4mg,Ondansetron,Gastrointestinal,Tablet,28.19,0.6507177033492823,29.05,700,20342.25,206,12.5,11.39105965663348,0.8722478199431586,1.1193229482783325,1.056162884193072,0.9333494801684186
MED00424,Vertin 16mg,Betahistine,Neuro/Psychiatric,Tablet,89.67,0.831081081081081,92.62,5262,487390.64,292,93.96428571428571,101.29484092705121,1.028051666077427,0.9483408567076466,1.0626420980643867,0.9785447767253929
