category,season,index,raw_index,n_weeks,season_mean,ci_lo,ci_hi,significant
Analgesic/Antipyretic,Monsoon,1.0650624809380167,1.0839826383628952,21,50.23809523809524,0.9841344978252464,1.1924739605898773,False
Analgesic/Antipyretic,Post-Monsoon,0.9386221024626731,0.8894479974181481,9,41.22222222222222,0.750029634672945,1.023963974263358,False
Analgesic/Antipyretic,Summer,0.9744668399944317,0.9610021800841737,13,44.53846153846154,0.8217990537305144,1.077680616405952,False
Analgesic/Antipyretic,Winter,1.0443572974259112,1.0655671841347834,13,49.38461538461539,0.9357266256548435,1.2234804916315243,False
Anesthetic,Monsoon,0.9344489307611785,0.8314401076716016,21,4.714285714285714,0.6095531933354044,1.0757489023903093,False
Anesthetic,Post-Monsoon,1.0071009929150054,1.0386002691790042,9,5.888888888888889,0.6052655479586646,1.4619556058799348,False
Anesthetic,Summer,0.9925732085321588,0.9767967698519515,13,5.538461538461538,0.6823016743866586,1.2580395953628951,False
Anesthetic,Winter,1.0466668068640645,1.1531628532974427,13,6.538461538461538,0.8313289546203191,1.5109180845129757,False
Antibiotic,Monsoon,1.263927056815394,1.31044409729971,21,215.0952380952381,1.2553913321305454,1.3655055869780315,True
Antibiotic,Post-Monsoon,0.9207205605390987,0.8833965632671279,9,145.0,0.8180002868676507,0.9521329594784119,True
Antibiotic,Summer,0.8782090584558729,0.8388752510600312,13,137.69230769230768,0.7946314039225306,0.8838164728149212,True
Antibiotic,Winter,0.974928644427989,0.9672840883731311,13,158.76923076923077,0.9085267998067112,1.015934431773373,False
Anticoagulant,Monsoon,1.0866440201377312,1.8911956357023791,21,3.8095238095238093,0.7937522258179397,3.2213235294117633,False
Anticoagulant,Post-Monsoon,0.9958336259374111,0.7722382179118048,9,1.5555555555555556,0.0,1.8438718384615747,False
Anticoagulant,Summer,0.9908594556173735,0.7637520836490378,13,1.5384615384615385,0.0,1.8615612063867535,False
Anticoagulant,Winter,0.9915344250237472,0.5728140627367783,13,1.1538461538461537,0.0,1.578494748631685,False
Antidiabetic,Monsoon,1.041970017811006,1.0620733036532528,21,119.57142857142857,0.8934045136767096,1.2520565412405997,False
Antidiabetic,Post-Monsoon,1.0140356537699402,1.0323245359550135,9,116.22222222222223,0.8054340926069505,1.2650102421654315,False
Antidiabetic,Summer,0.9884132013007866,0.9791064524350499,13,110.23076923076923,0.7613988777644266,1.1754854287666825,False
Antidiabetic,Winter,0.9601851751432037,0.9264957079566837,13,104.3076923076923,0.6977883379635753,1.146926450960932,False
Antidote/Emergency,Monsoon,0.9930545533265984,0.9793621013133209,21,4.142857142857143,0.7183496935784539,1.290223485043558,False
Antidote/Emergency,Post-Monsoon,1.0238150023009664,1.1294559099437147,9,4.777777777777778,0.6766713554976184,1.532313719565659,False
Antidote/Emergency,Summer,0.9662623961404448,0.8546687833742243,13,3.6153846153846154,0.48040974281730237,1.248942317437621,False
Antidote/Emergency,Winter,1.0088480464764162,1.0365132053687403,13,4.384615384615385,0.7512008021221093,1.3393765741944552,False
Antiepileptic,Monsoon,0.9517495317344056,0.9206177539366672,21,77.95238095238095,0.7991463693142614,1.0481049396942206,False
Antiepileptic,Post-Monsoon,1.0331294240976752,1.0825834919536252,9,91.66666666666667,0.8397342119045348,1.3351594925081949,False
Antiepileptic,Summer,0.9867321924807986,0.9729624502509086,13,82.38461538461539,0.7965140879907145,1.1419252070808599,False
Antiepileptic,Winter,1.0116968991089281,1.0238363038587992,13,86.6923076923077,0.8897389459547911,1.1729412851197565,False
Antifungal,Monsoon,1.2405246412709259,1.3346429791595489,21,28.61904761904762,1.151124389991491,1.5278622396856085,True
Antifungal,Post-Monsoon,0.9513001862525761,0.8860608131192347,9,19.0,0.7732959677329874,1.0026564552994308,False
Antifungal,Summer,0.8516020133711154,0.6995216945678168,13,15.0,0.5558008858322854,0.8664458581139347,True
Antifungal,Winter,1.04471856187911,1.0797745131533993,13,23.153846153846153,0.8847533652902393,1.2717727646480794,False
Antihistamine/Allergy,Monsoon,1.325385043961551,1.3967012508303005,21,91.14285714285714,1.3026302554816198,1.526054670624159,True
Antihistamine/Allergy,Post-Monsoon,0.8723927203348424,0.7832424290619241,9,51.111111111111114,0.6977670649674551,0.8699073875716153,True
Antihistamine/Allergy,Summer,0.8616997544522642,0.7945064506169952,13,51.84615384615385,0.686921401938827,0.8987859442311541,True
Antihistamine/Allergy,Winter,1.017982109234,1.02554986949078,13,66.92307692307692,0.8830129425173046,1.1547392895607342,False
Antimalarial,Monsoon,1.2249965097782145,1.2894833800560674,21,49.142857142857146,1.1670603847736563,1.4084526133624469,True
Antimalarial,Post-Monsoon,0.9596352144312306,0.9242130556668002,9,35.22222222222222,0.7263519628274109,1.097350701953008,False
Antimalarial,Summer,0.8931401949855751,0.8235162194633561,13,31.384615384615383,0.7020978521579231,0.9397714094806007,True
Antimalarial,Winter,0.9767961786702183,0.9627873448137766,13,36.69230769230769,0.8662741081001845,1.0773944714435513,False
Antineoplastic (Oncology),Monsoon,1.0094630467147954,1.013623978201635,21,10.333333333333334,0.8993119147790885,1.154688463533383,False
Antineoplastic (Oncology),Post-Monsoon,1.0575835901092465,1.1226158038147138,9,11.444444444444445,0.887201106562463,1.315583477702188,False
Antineoplastic (Oncology),Summer,0.939434604904632,0.8903793753929993,13,9.076923076923077,0.7408793338668161,1.0612720347916669,False
Antineoplastic (Oncology),Winter,0.9854054518065617,0.9733808425906518,13,9.923076923076923,0.7974999994610572,1.1184713653313492,False
Antiretroviral (ART Program),Monsoon,0.9915768945964315,0.9755637381698672,21,19.571428571428573,0.6901063904171711,1.345303616916101,False
Antiretroviral (ART Program),Post-Monsoon,1.011149905931759,1.0689266912145097,9,21.444444444444443,0.5169116925086331,1.5193597975162705,False
Antiretroviral (ART Program),Summer,1.02777010959583,1.1196250874897296,13,22.46153846153846,0.7000296199518287,1.5786734398647135,False
Antiretroviral (ART Program),Winter,0.9636334934199424,0.835884483125894,13,16.76923076923077,0.579166712647379,1.1436437726863753,False
Antiseptic/Disinfectant,Monsoon,1.3436709448398476,1.4318480671477263,21,66.80952380952381,1.3145758705946984,1.565613307944299,True
Antiseptic/Disinfectant,Post-Monsoon,0.9031634141714151,0.8239334803116638,9,38.44444444444444,0.7222060987903519,0.9282424657305365,True
Antiseptic/Disinfectant,Summer,0.8856146181435395,0.8226512361226507,13,38.38461538461539,0.7281208353843274,0.9099069216367058,True
Antiseptic/Disinfectant,Winter,0.9476531198860934,0.9215672164179592,13,43.0,0.7957106683403607,1.0435793604217116,False
Antitubercular,Monsoon,0.9402586206896552,0.7799999999999999,21,2.9047619047619047,0.47123336811537997,1.2309060131225225,False
Antitubercular,Post-Monsoon,0.9444463031114085,0.5967213114754099,9,2.2222222222222223,0.18876250318168064,1.0227030005390185,False
Antitubercular,Summer,1.0518157821617116,1.1980327868852458,13,4.461538461538462,0.7589545994844009,1.6132486183561021,False
Antitubercular,Winter,1.1112666712975827,1.4252459016393442,13,5.3076923076923075,0.9995390065041381,1.8269257776417054,False
Antiviral,Monsoon,0.9419390408075026,0.8921725043567905,21,11.095238095238095,0.7217737977897706,1.0527327474826482,False
Antiviral,Post-Monsoon,1.0478468605917484,1.1346800520360325,9,14.11111111111111,0.8872299954184807,1.3523018551417412,False
Antiviral,Summer,1.0277489293992064,1.0577059964163864,13,13.153846153846153,0.8672636376520529,1.2281755131258685,False
Antiviral,Winter,0.9632514428925093,0.9154414471907907,13,11.384615384615385,0.7047803599153752,1.140950966586712,False
Blood Product/Coagulation,Monsoon,0.9718336842204087,0.9182867322438231,21,3.619047619047619,0.6534115589182783,1.2682926829268293,False
Blood Product/Coagulation,Post-Monsoon,1.0089168151188908,1.071334520951127,9,4.222222222222222,0.6325282143999974,1.485590419559532,False
Blood Product/Coagulation,Summer,0.9923582224307893,0.956393772751917,13,3.769230769230769,0.5160976117642969,1.417365616731513,False
Blood Product/Coagulation,Winter,1.0141253057109363,1.053984974053133,13,4.153846153846154,0.5841595199037691,1.5109853193446527,False
Cardiac/Antihypertensive,Monsoon,0.9903529598100503,0.9885599405138938,21,876.5714285714286,0.9417686014508713,1.0340967789039741,False
Cardiac/Antihypertensive,Post-Monsoon,1.0044663326779995,1.0064608520833906,9,892.4444444444445,0.958720912471972,1.0501054213276264,False
Cardiac/Antihypertensive,Summer,1.0213326812273142,1.0278207705653932,13,911.3846153846154,0.9717576805395789,1.0860431310257679,False
Cardiac/Antihypertensive,Winter,0.9825186621549787,0.977158436837322,13,866.4615384615385,0.9303368742308741,1.021338343923593,False
Dermatological,Monsoon,1.1814605802712945,1.294702897282704,21,15.80952380952381,1.0657225893807305,1.5398521473421571,True
Dermatological,Post-Monsoon,0.9468940564751761,0.8280378971577131,9,10.11111111111111,0.626400661830651,0.9895443375236341,True
Dermatological,Summer,0.9230417093717971,0.800039997000225,13,9.76923076923077,0.6063314542475625,1.006901653595576,False
Dermatological,Winter,1.0360424763355514,1.077219208559358,13,13.153846153846153,0.8533298682002205,1.3269946547547464,False
Diagnostic/Contrast Agent,Monsoon,0.9926019697110471,0.9432314410480349,21,0.8571428571428571,0.47582939221856924,1.4546408916464153,False
Diagnostic/Contrast Agent,Post-Monsoon,0.9948533998752339,0.8558951965065502,9,0.7777777777777778,0.0,1.5749430331673555,False
Diagnostic/Contrast Agent,Summer,1.016709121785541,1.1850856567013772,13,1.0769230769230769,0.4901041666666667,1.9150737880631354,False
Diagnostic/Contrast Agent,Winter,1.0008949426221183,1.0157877057440377,13,0.9230769230769231,0.23040732377992892,1.8626711305245793,False
Endocrine/Metabolic,Monsoon,1.0749383117745586,1.1084821275212655,21,128.04761904761904,0.9902557439200305,1.2380247858675668,False
Endocrine/Metabolic,Post-Monsoon,0.9687842370835434,0.9310865124685875,9,107.55555555555556,0.7689760421716046,1.089561000721359,False
Endocrine/Metabolic,Summer,1.0100777503294407,1.0181724013096178,13,117.61538461538461,0.8998392240679587,1.139839032442312,False
Endocrine/Metabolic,Winter,0.9682191446073478,0.9422589587005293,13,108.84615384615384,0.7766274447100641,1.0930825076566066,False
Gastrointestinal,Monsoon,1.1011190804939468,1.1194622911930414,21,190.14285714285714,1.062767585182707,1.174174668139454,True
Gastrointestinal,Post-Monsoon,0.9284752389141901,0.895551142541357,9,152.11111111111111,0.8046574380665953,1.0078010516051084,False
Gastrointestinal,Summer,1.1305949513441962,1.1688912451589135,13,198.53846153846155,1.115483039415871,1.2157014312607204,True
Gastrointestinal,Winter,0.8607769399760317,0.8160953211066881,13,138.6153846153846,0.7717291797470233,0.8595652805848847,True
General/Other,Monsoon,1.0482755935191403,1.0557820804210742,21,565.7619047619048,1.0088339297324473,1.105775956403236,True
General/Other,Post-Monsoon,0.9543854768211951,0.9374164772630175,9,502.3333333333333,0.8905441232861014,0.9811634536130075,True
General/Other,Summer,0.9576297110882205,0.9468427978194369,13,507.38461538461536,0.8949357547900255,0.9923044557033249,True
General/Other,Winter,1.0478713613827257,1.059958644496471,13,568.0,1.0012822325051227,1.1165686534073314,True
Hormone/Endocrine,Monsoon,1.0255357494678066,1.0339679290344592,21,208.14285714285714,0.9415550524309911,1.1330621058984807,False
Hormone/Endocrine,Post-Monsoon,1.0344276871444587,1.063063800750597,9,214.0,0.9819328268203287,1.162405677370547,False
Hormone/Endocrine,Summer,0.9399942254222599,0.904100989423405,13,182.0,0.7832741299179752,1.0095800897053866,False
Hormone/Endocrine,Winter,0.9992734202445724,0.9988672807915386,13,201.07692307692307,0.8869574874223451,1.1049677392364132,False
Immunosuppressant,Monsoon,1.0214111099906777,1.0820459340819248,21,13.619047619047619,0.614324644533099,1.562098040791245,False
Immunosuppressant,Post-Monsoon,0.9703398425356566,0.5649843571896297,9,7.111111111111111,0.0985704974075773,0.9756146295991193,True
Immunosuppressant,Summer,1.1015529727746003,1.509567579366042,13,19.0,1.1182035119722804,1.9994930987134576,True
Immunosuppressant,Winter,0.9745528460213907,0.843402129362404,13,10.615384615384615,0.40385022550629146,1.2635000427454774,False
Muscle Relaxant,Monsoon,0.996180932207009,0.9706945002007227,21,1.4761904761904763,0.3960436821667348,1.546727242899379,False
Muscle Relaxant,Post-Monsoon,0.9807960832911525,0.8036932958651145,9,1.2222222222222223,0.30819302329778214,1.3306265601895757,False
Muscle Relaxant,Summer,0.9905125844343986,0.9104777197912485,13,1.3846153846153846,0.4247021751884254,1.476303426754155,False
Muscle Relaxant,Winter,1.0381346250758048,1.3151344841429145,13,2.0,0.7844941977895475,1.8971276431124333,False
NSAID,Monsoon,1.0519392325550556,1.0632073642763074,21,97.0952380952381,0.9811021965600921,1.136789260289269,False
NSAID,Post-Monsoon,0.989841463151568,0.9842967637562087,9,89.88888888888889,0.9066620034043926,1.0649545192818077,False
NSAID,Summer,0.9333895430491082,0.9080200819589936,13,82.92307692307692,0.8412416806266207,0.9731681136047226,True
NSAID,Winter,1.0326451224367872,1.04447579000849,13,95.38461538461539,0.9803999021016071,1.1088081616982348,False
Neuro/Psychiatric,Monsoon,1.0563104535157373,1.0711112138886403,21,325.1904761904762,0.9738044575130613,1.1728301083721233,False
Neuro/Psychiatric,Post-Monsoon,0.984048218776047,0.9731338421491318,9,295.44444444444446,0.8174824010091045,1.125736311521174,False
Neuro/Psychiatric,Summer,0.9479820344320362,0.9237832006330201,13,280.46153846153845,0.7926563122675184,1.0423774554708531,False
Neuro/Psychiatric,Winter,1.0220411260830145,1.0319717433292077,13,313.3076923076923,0.9049281406506422,1.1533902762973645,False
Ophthalmic,Monsoon,1.18644970667747,1.3709264005858661,21,8.0,0.945078914376064,1.836081589385183,False
Ophthalmic,Post-Monsoon,0.9395576046070371,0.7045038447455144,9,4.111111111111111,0.38957156191103565,1.0098468181660125,False
Ophthalmic,Summer,0.9280479460556449,0.7250091541559869,13,4.230769230769231,0.5145416413346355,0.9831981499464634,True
Ophthalmic,Winter,1.068147052892448,1.1995606005126327,13,7.0,0.7444505886471596,1.6163800076532657,False
Opioid Analgesic,Monsoon,0.9886450874732413,0.900509337860781,21,0.8095238095238095,0.35052249710283667,1.6580056416669082,False
Opioid Analgesic,Post-Monsoon,0.993012133007578,0.6179966044142615,9,0.5555555555555556,0.0,1.588620647915335,False
Opioid Analgesic,Summer,1.0083018212687143,1.1123938879456705,13,1.0,0.3521885188766218,1.9391640866873066,False
Opioid Analgesic,Winter,1.0272630807223337,1.369100169779287,13,1.2307692307692308,0.3990620272314676,2.205381975799168,False
Reproductive/Hormonal Health,Monsoon,0.9352025712768621,0.6566577802722042,21,1.4285714285714286,0.3069685183565215,1.099736511535279,False
Reproductive/Hormonal Health,Post-Monsoon,0.9421443866252646,0.4085870632804826,9,0.8888888888888888,0.11147012847054287,0.7113726231819273,True
Reproductive/Hormonal Health,Summer,1.018021257190964,1.0961133716851408,13,2.3846153846153846,0.5562263284202407,1.6588430478191585,False
Reproductive/Hormonal Health,Winter,1.1572453346429072,1.8386417847621719,13,4.0,1.2225992606790799,2.4999226503989345,True
Respiratory,Monsoon,1.28905993816121,1.3659719201671385,21,58.476190476190474,1.2326778363795285,1.5088024110268308,True
Respiratory,Post-Monsoon,0.9178075777721271,0.8461313577148236,9,36.22222222222222,0.7203758576881085,0.9908295985514125,True
Respiratory,Summer,0.8925143853654622,0.8319559621514087,13,35.61538461538461,0.7216004063993808,0.9362073797757219,True
Respiratory,Winter,0.9712906065871663,0.9559407599666293,13,40.92307692307692,0.8240369098759215,1.0859993854348047,False
Vaccine/Immunological,Monsoon,1.0196267929349472,1.039684943956377,21,8.380952380952381,0.7562110505067834,1.3786584875524894,False
Vaccine/Immunological,Post-Monsoon,0.9859731500821123,0.9372917297788549,9,7.555555555555555,0.6386858617566943,1.249916314045016,False
Vaccine/Immunological,Summer,1.0392774812945849,1.1069372917297788,13,8.923076923076923,0.8393904251662905,1.3883902227126181,False
Vaccine/Immunological,Winter,0.9707799584541481,0.9160860345349895,13,7.384615384615385,0.6208736546109871,1.1964895001719122,False
Vitamin/Supplement,Monsoon,1.1249502940005276,1.1471210723395018,21,206.47619047619048,1.0901055941878708,1.1999729931463352,True
Vitamin/Supplement,Post-Monsoon,0.8858300297316529,0.8327386443805285,9,149.88888888888889,0.7708856514940258,0.9060834722897664,True
Vitamin/Supplement,Summer,1.1596329075962475,1.2055882672165843,13,217.0,1.1566419234322423,1.2586430955032677,True
Vitamin/Supplement,Winter,0.8589360481040362,0.8145520160633851,13,146.6153846153846,0.7531736035538892,0.8746168973605253,True
