feature,importance,std
hist_mean,3.3500563494757643,0.04026754130751446
category_code,1.2245719389008975,0.009787693172401595
ma_12,0.6864120072686006,0.01247873567996916
rx_share,0.2614137041023203,0.00285839870460601
woy_cos,0.2041824266838527,0.004984799787939903
log_price,0.1532231324007111,0.010329745854856685
woy_sin,0.14769337371860924,0.007203491679405592
nz_8,0.14695211929786525,0.012297771516141736
seasonal_naive,0.07907559844040168,0.004083479703123384
fest_vishu,0.06299464890700197,0.0014363197933414675
target_med_season_idx,0.057044523140870496,0.0023617631330541677
season_code,0.054814232842044376,0.005431820109314652
form_code,0.05365930761918373,0.0012545306698181393
target_cat_season_idx,0.04610541455811893,0.0055882901599107375
momentum,0.03923685083248518,0.006153879841133698
std_8,0.023599715108092962,0.0031425824132954527
recent_curve_mult,0.020890040721081842,0.0016463101347152494
ma_8,0.019452117912553746,0.00015061910701129393
season_shift,0.019347877232730088,0.0018274321148286736
deseason_level,0.01752822639760006,0.001610171011602877
curve_naive,0.01521848837004717,0.003475807868669928
month,0.01350396354148753,0.0014297973965243438
target_curve_mult,0.01279874081454313,0.0019894733260676714
cat_momentum,0.010540938355525201,0.0004646980494669473
ma_4,0.007710181844648112,0.001083206666757508
weeks_since_sale,0.005479544458207049,0.0008521458431341161
lag_4,0.004897631047417583,0.00036804142421690547
curve_shift,0.004339467355691499,0.0007544937559614847
recent_season_idx,0.004198826297951837,0.0008464080621471993
lag_1,0.003212392660312998,0.001009326342464043
ema,0.002750024179285937,0.0012764353401954808
h,0.0027088712885143806,3.948180823736776e-05
lag_2,0.0013253248466386462,0.0005550704437614736
store_momentum,0.0008286106281805891,8.078139014059682e-05
lag_3,8.66707462403582e-05,0.00011966997562239359
fest_onam,0.0,0.0
fest_xmas,0.0,0.0
